id,user_id,property_type,card_type,side_p,side_b,type_p_mo,type_b_pos,type_b_mo,height,weight,flag_awk,lv,s_a_st,s_a_gt,s_b_mt,s_b_pw,s_b_sp,s_b_sf,s_b_df,s_b_er,s_b_ss,s_p_sp,s_p_co,p_bb1,p_bb2,p_bb3,s_p_bb1n,s_p_bb2n,s_p_bb3n,s_p_bb0k,s_p_bb1k,s_p_bb2k,s_p_bb3k,name,btr_pa,btr_ab,btr_h,btr_h1b,btr_h2b,btr_h3b,btr_hr,btr_base,btr_rbi,btr_rs,btr_s_b,btr_s_f,btr_bb,btr_bb_db,btr_so,btr_er,btr_dp,btr_df_n,btr_df_er,btr_sb_n,btr_sb_m,btr_ab_if,btr_ab_of,btr_risp_b,btr_risp_h,btr_game,pcr_pa,pcr_ab,pcr_h,pcr_h1b,pcr_h2b,pcr_h3b,pcr_hr,pcr_base,pcr_lpm,pcr_lp,pcr_ini,pcr_s_b,pcr_s_f,pcr_bb,pcr_bb_db,pcr_so,pcr_er,pcr_wp,pcr_ab_if,pcr_ab_of,pcr_risp_b,pcr_risp_h,pcr_game,pcr_res_win,pcr_res_lose,pcr_res_save,pcr_res_pa,pcr_res_sho,pcr_res_gs
npc1_1631724162.0797975_1,npc1,B,P,R,R,O,R,N,175.0,49.0,False,100,34.0,30.0,26.0,16.0,21.0,8.0,23.0,20.0,20.0,30.0,23.0,0,0,0,14.0,10.0,12.0,33.0,42.0,19.0,45.0,水俣諒,404,321,43,33,8,0,2,57,23,25,0,1,82,0,33,15,4,287,19,0,0,35,42,67,65,0,4717,3498,1076,865,108,1,102,1492,788,920,2447,38,29,1152,0,285,159,0,525,890,1526,1377,101,5,6,0,0,0,0
npc1_1631724162.130798_2,npc1,B,B,R,L,O,R,N,182.0,81.0,False,100,21.0,27.0,30.0,30.0,20.0,18.0,23.0,18.0,13.0,19.0,21.0,1,5,0,15.0,4.0,23.0,58.0,40.0,13.0,37.0,久喜隆司,451,352,72,57,10,0,5,97,32,24,0,2,97,0,34,21,9,348,31,0,0,32,59,124,110,0,0,0,0,0,0,0,0,0,0,4,0,0,0,0,0,0,0,0,0,0,0,0,4,0,0,0,0,0,0
npc1_1631724162.155793_3,npc1,H,B,R,R,O,C,N,176.0,67.0,False,100,16.0,12.0,25.0,13.0,10.0,26.0,25.0,28.0,16.0,22.0,29.0,4,5,0,7.0,11.0,5.0,35.0,65.0,33.0,45.0,大西昭雄,414,345,30,23,5,0,2,41,19,21,0,0,69,0,42,16,12,715,31,0,0,26,45,83,76,0,0,0,0,0,0,0,0,0,0,5,0,0,0,0,0,0,0,0,0,0,0,0,5,0,0,0,0,0,0
npc1_1631724162.1817997_4,npc1,B,B,R,R,O,F,N,174.0,46.0,False,100,10.0,20.0,13.0,23.0,24.0,30.0,21.0,13.0,20.0,12.0,15.0,2,2,4,14.0,13.0,11.0,59.0,57.0,8.0,11.0,三豊徹,429,366,43,32,3,0,8,70,34,21,0,0,63,0,56,9,10,67,1,0,0,32,44,94,83,0,0,0,0,0,0,0,0,0,0,2,0,0,0,0,0,0,0,0,0,0,0,0,2,0,0,0,0,0,0
npc1_1631724162.2078056_5,npc1,H,B,R,R,O,F,N,173.0,69.0,False,100,22.0,20.0,26.0,30.0,30.0,19.0,14.0,25.0,22.0,25.0,26.0,2,2,1,18.0,7.0,4.0,22.0,17.0,53.0,26.0,津山政雄,473,398,86,71,5,0,10,121,46,38,0,2,73,0,40,19,6,1087,44,0,0,49,74,109,97,0,0,0,0,0,0,0,0,0,0,1,0,0,0,0,0,0,0,0,0,0,0,0,1,0,0,0,0,0,0
npc1_1631724162.2328038_6,npc1,B,B,R,R,O,F,N,170.0,53.0,False,100,19.0,25.0,24.0,20.0,19.0,15.0,13.0,23.0,22.0,16.0,27.0,2,3,0,14.0,12.0,9.0,26.0,7.0,66.0,66.0,鈴木春男,436,385,61,48,9,0,4,82,37,24,0,2,49,0,42,21,9,212,18,0,0,43,63,120,108,0,0,0,0,0,0,0,0,0,0,3,0,0,0,0,0,0,0,0,0,0,0,0,3,0,0,0,0,0,0
npc1_1631724162.255748_7,npc1,H,B,R,R,O,R,N,174.0,64.0,False,100,22.0,24.0,32.0,22.0,31.0,19.0,29.0,14.0,16.0,15.0,21.0,3,1,0,15.0,8.0,21.0,20.0,43.0,62.0,33.0,渡辺輝雄,488,393,76,57,15,0,4,103,27,38,0,0,95,0,41,18,4,447,26,0,0,45,57,78,68,0,0,0,0,0,0,0,0,0,0,4,0,0,0,0,0,0,0,0,0,0,0,0,4,0,0,0,0,0,0
npc1_1631724162.2737892_8,npc1,B,B,R,L,O,R,N,166.0,54.0,False,100,26.0,23.0,35.0,12.0,27.0,12.0,15.0,11.0,27.0,32.0,22.0,1,4,0,10.0,10.0,9.0,41.0,60.0,42.0,25.0,田辺正二,464,384,61,51,7,0,3,77,30,35,0,1,79,0,48,15,5,1137,62,0,0,26,47,131,111,0,0,0,0,0,0,0,0,0,0,1,0,0,0,0,0,0,0,0,0,0,0,0,1,0,0,0,0,0,0
npc1_1631724162.291796_9,npc1,H,B,R,L,O,F,N,163.0,68.0,False,100,41.0,33.0,29.0,28.0,14.0,15.0,20.0,24.0,13.0,22.0,23.0,2,3,0,13.0,12.0,8.0,50.0,15.0,41.0,29.0,志村紬,444,378,69,58,6,0,5,90,50,16,0,1,65,0,37,18,9,911,48,0,0,41,69,141,131,0,0,0,0,0,0,0,0,0,0,1,0,0,0,0,0,0,0,0,0,0,0,0,1,0,0,0,0,0,0
npc2_1631721062.150121_6,npc2,B,B,L,R,O,R,N,171.0,61.0,False,100,51.459,51.322,63.054,62.838,62.878,52.718,42.89,52.99,63.13,16.397,16.458,4,2,0,5.4399999999999995,26.496,15.411,42.0,63.0,32.0,67.0,大野翔太,57,42,14,14,0,0,0,14,18,12,0,1,14,0,2,6,0,10,0,0,0,6,12,19,17,0,0,0,0,0,0,0,0,0,0,2,0,0,0,0,0,0,0,0,0,0,0,0,2,0,0,0,0,0,0
npc2_1631721062.1711242_7,npc2,T,B,R,R,O,F,N,169.0,51.0,False,100,31.485,36.346000000000004,52.678,52.96,52.72,42.984,82.932,52.798,52.858,15.449,23.26,3,4,0,14.529,5.45,23.331,70.0,37.0,16.0,68.0,中間梓,53,37,16,14,1,0,1,20,21,19,0,1,15,0,4,3,0,10,0,0,0,7,14,23,21,0,0,0,0,0,0,0,0,0,0,1,0,0,0,0,0,0,0,0,0,0,0,0,1,0,0,0,0,0,0
npc2_1631721541.7135527_2,npc2,B,P,R,L,S,C,N,154.0,60.0,True,100,70.0,70.0,50.0,30.0,60.0,70.0,50.0,50.0,60.0,40.0,80.0,1,2,4,15.0,30.0,45.0,63.0,75.0,30.0,50.0,高藤雪,58,48,17,14,1,0,2,24,20,13,0,1,9,0,5,2,1,24,0,0,0,7,6,22,20,0,266,245,27,19,4,0,4,43,9,11,216,0,0,21,0,24,5,0,15,25,34,33,9,1,0,0,0,0,0
npc2_1631721541.794547_3,npc2,B,B,R,L,O,C,N,170.0,49.0,False,100,56.481,51.376,58.138,62.874,63.012,72.974,63.146,62.972,72.706,27.484,24.562,4,4,2,4.54,21.291,11.374,65.0,59.0,6.0,53.0,竹部英二,56,43,17,15,2,0,0,19,11,17,0,0,13,0,3,1,0,117,0,0,0,3,16,21,20,0,0,0,0,0,0,0,0,0,0,1,0,0,0,0,0,0,0,0,0,0,0,0,1,0,0,0,0,0,0
npc2_1631721541.848526_4,npc2,H,B,R,R,O,R,N,166.0,65.0,False,100,61.324,61.477,32.79,52.68,53.05,53.02,82.666,82.638,52.61,22.466,29.574,1,3,0,14.383,17.303,4.477,64.0,39.0,16.0,41.0,多治見久夫,53,39,11,9,2,0,0,13,11,12,0,0,14,0,4,3,2,40,1,0,0,6,7,24,22,0,0,0,0,0,0,0,0,0,0,3,0,0,0,0,0,0,0,0,0,0,0,0,3,0,0,0,0,0,0
npc2_1631721541.8824842_5,npc2,B,B,R,R,O,R,N,174.0,65.0,False,100,81.29,51.41,42.87,32.87,62.76,72.52,62.75,62.94,72.6,25.3,28.36,4,3,0,9.48,7.34,5.42,42.0,9.0,6.0,50.0,八千代大貴,54,39,16,14,2,0,0,18,13,17,0,0,15,0,2,5,1,53,1,0,0,7,12,18,16,0,0,0,0,0,0,0,0,0,0,0,0,0,0,0,0,0,0,0,0,0,0,0,0,0,0,0,0,0,0
npc2_1631721541.9484842_7,npc2,B,B,R,R,O,R,N,195.0,110.0,True,100,70.0,90.0,50.0,90.0,60.0,80.0,80.0,80.0,80.0,29.0,28.0,4,3,0,5.0,3.0,11.0,51.0,5.0,16.0,13.0,松田祐作,56,42,19,16,1,0,2,26,14,18,0,0,14,0,1,4,1,116,5,0,0,3,10,18,18,0,0,0,0,0,0,0,0,0,0,3,0,0,0,0,0,0,0,0,0,0,0,0,3,0,0,0,0,0,0
npc2_1631721542.0195222_9,npc2,H,B,R,L,O,R,N,171.0,59.0,False,100,41.445,41.431,32.782,62.332,82.832,42.98,42.604,53.048,52.932,33.415,15.491,4,4,5,8.543,17.434,18.504,40.0,6.0,39.0,15.0,玉名正二,56,47,20,14,4,0,2,30,21,16,0,0,9,0,4,2,0,7,1,0,0,3,5,25,23,0,0,0,0,0,0,0,0,0,0,2,0,0,0,0,0,0,0,0,0,0,0,0,2,0,0,0,0,0,0
npc2_1631721542.0505219_10,npc2,B,B,R,L,O,F,N,160.0,65.0,False,100,46.43,41.34,52.99,53.01,43.11,72.87,52.72,43.06,37.73,21.52,24.38,3,2,0,14.4,6.28,13.39,34.0,70.0,12.0,13.0,南相馬詩,50,38,10,10,0,0,0,10,19,9,0,1,11,0,1,2,0,1,0,0,0,5,11,25,24,0,0,0,0,0,0,0,0,0,0,1,0,0,0,0,0,0,0,0,0,0,0,0,1,0,0,0,0,0,0
npc_senario1_2_1634128668.40091_p1,npc_senario1_2,T,P,R,R,U,R,N,176.0,49.0,False,100,26.0,30.0,22.0,22.0,27.0,36.0,32.0,31.0,20.0,40.0,30.0,1,4,0,5.0,12.0,18.0,6.0,4.0,9.0,8.0,黒木雄一,5,5,1,1,0,0,0,1,0,0,0,0,0,0,1,0,0,2,0,0,0,1,2,0,0,0,83,54,19,15,1,0,3,29,21,22,39,1,2,26,0,0,2,0,9,21,25,25,3,0,0,0,0,0,0
npc_senario1_2_1634128668.579106_p2,npc_senario1_2,H,P,R,R,O,R,N,170.297,65.6069,False,100,31.0,17.0,19.0,21.0,32.0,44.0,30.0,41.0,17.0,32.0,29.0,1,3,0,14.0,22.0,22.0,1.0,6.0,2.0,17.0,安曇野達雄,4,4,1,1,0,0,0,1,0,0,0,0,0,0,1,0,0,6,0,0,0,1,0,1,1,0,59,40,13,10,1,0,2,20,13,13,33,3,1,15,0,5,0,0,9,12,13,11,3,0,0,0,0,0,0
npc_senario1_2_1634128668.6901221_b1,npc_senario1_2,B,B,R,L,O,F,N,171.052,51.5799,False,100,38.0,23.0,35.0,24.0,32.0,36.0,31.0,39.0,19.0,40.0,35.0,1,5,0,12.0,18.0,5.0,1.0,1.0,4.0,1.0,田中咲良,12,11,2,1,1,0,0,3,0,0,0,0,1,0,1,0,1,36,3,0,0,0,0,1,1,0,0,0,0,0,0,0,0,0,0,0,0,0,0,0,0,0,0,0,0,0,0,0,0,0,0,0,0,0,0
npc_senario1_2_1634128668.8009837_b2,npc_senario1_2,B,B,R,R,O,C,N,177.637,73.2439,False,100,42.0,27.0,17.0,19.0,42.0,28.0,33.0,38.0,19.0,31.0,24.0,5,4,0,16.0,14.0,18.0,15.0,1.0,4.0,3.0,森徹,12,9,1,1,0,0,0,1,0,0,0,0,3,0,1,1,1,12,0,0,0,0,1,2,2,0,0,0,0,0,0,0,0,0,0,0,0,0,0,0,0,0,0,0,0,0,0,0,0,0,0,0,0,0,0
npc_senario1_2_1634128668.9107556_b3,npc_senario1_2,B,B,R,R,O,F,N,167.003,54.9658,False,100,27.0,28.0,23.0,11.0,36.0,41.0,34.0,36.0,17.0,33.0,31.0,5,1,0,5.0,14.0,12.0,1.0,1.0,3.0,9.0,伊達正治,11,10,2,2,0,0,0,2,0,1,0,0,1,0,1,0,0,1,0,0,0,2,1,0,0,0,0,0,0,0,0,0,0,0,0,0,0,0,0,0,0,0,0,0,0,0,0,0,0,0,0,0,0,0,0
npc_senario1_2_1634128669.006121_b4,npc_senario1_2,B,B,R,R,O,F,N,165.077,65.2208,False,100,25.0,24.0,26.0,21.0,37.0,28.0,25.0,42.0,9.0,39.0,32.0,5,1,0,23.0,1.0,9.0,7.0,1.0,2.0,2.0,田中勝男,0,0,0,0,0,0,0,0,0,0,0,0,0,0,0,0,0,0,0,0,0,0,0,0,0,0,0,0,0,0,0,0,0,0,0,0,0,0,0,0,0,0,0,0,0,0,0,0,0,0,0,0,0,0,0
npc_senario1_2_1634128669.072672_b5,npc_senario1_2,H,B,R,L,O,R,N,162.38,58.5169,False,100,23.0,35.0,19.0,19.0,32.0,25.0,28.0,34.0,11.0,31.0,31.0,5,4,0,10.0,9.0,19.0,13.0,1.0,3.0,13.0,森本忠男,10,10,1,1,0,0,0,1,0,0,0,0,0,0,1,0,0,6,0,0,0,0,2,5,5,0,0,0,0,0,0,0,0,0,0,0,0,0,0,0,0,0,0,0,0,0,0,0,0,0,0,0,0,0,0
npc_senario1_2_1634128669.1297443_b6,npc_senario1_2,H,B,R,R,O,F,N,170.585,68.6838,False,100,31.0,32.0,29.0,23.0,29.0,18.0,27.0,37.0,19.0,40.0,29.0,2,1,0,7.0,10.0,9.0,1.0,9.0,15.0,10.0,蒲郡文雄,12,11,2,2,0,0,0,2,1,0,0,0,1,0,0,0,0,34,2,0,0,3,1,2,2,0,0,0,0,0,0,0,0,0,0,0,0,0,0,0,0,0,0,0,0,0,0,0,0,0,0,0,0,0,0
npc_senario1_2_1634128669.1943672_b7,npc_senario1_2,H,B,R,R,O,F,N,169.683,60.664,False,100,28.0,28.0,21.0,29.0,35.0,34.0,27.0,44.0,11.0,31.0,19.0,2,1,0,15.0,9.0,7.0,9.0,8.0,10.0,6.0,古川力,12,12,1,0,1,0,0,2,1,0,0,0,0,0,0,0,0,20,1,0,0,0,2,3,3,0,0,0,0,0,0,0,0,0,0,0,0,0,0,0,0,0,0,0,0,0,0,0,0,0,0,0,0,0,0
npc_senario1_2_1634128669.2565393_b8,npc_senario1_2,H,B,R,R,O,F,N,169.303,50.0154,False,100,20.0,31.0,14.0,16.0,37.0,20.0,25.0,43.0,21.0,40.0,31.0,4,3,0,20.0,16.0,20.0,6.0,9.0,4.0,13.0,茅ヶ崎英樹,11,10,0,0,0,0,0,0,0,0,0,0,1,0,3,0,0,16,1,0,0,1,1,2,1,0,0,0,0,0,0,0,0,0,0,0,0,0,0,0,0,0,0,0,0,0,0,0,0,0,0,0,0,0,0
npc_senario1_2_1634128669.3113515_b9,npc_senario1_2,H,B,R,R,O,R,N,160.775,58.2377,False,100,22.0,35.0,27.0,15.0,34.0,34.0,42.0,37.0,26.0,36.0,30.0,2,4,0,11.0,20.0,16.0,5.0,1.0,6.0,7.0,斎藤匠,12,11,2,2,0,0,0,2,0,0,0,0,1,0,0,0,0,20,3,0,0,0,1,3,3,0,0,0,0,0,0,0,0,0,0,0,0,0,0,0,0,0,0,0,0,0,0,0,0,0,0,0,0,0,0
npc_senario1_3_1634132893.629581_p1,npc_senario1_3,B,P,L,L,OS,R,N,170.781,68.1982,False,100,22.0,14.0,42.0,38.0,20.0,31.0,25.0,18.0,38.0,36.0,30.0,1,5,0,19.0,14.0,10.0,37.0,25.0,23.0,24.0,弘前和雄,3,3,1,1,0,0,0,1,0,0,0,0,0,0,0,0,0,2,0,0,0,0,1,0,0,0,43,33,8,6,1,0,1,12,4,5,23,1,0,9,0,2,3,0,3,6,9,9,3,0,0,0,0,0,0
npc_senario1_3_1634132893.651584_p2,npc_senario1_3,B,P,R,R,O,F,N,174.51,77.1895,False,100,13.0,6.0,41.0,33.0,29.0,30.0,31.0,22.0,37.0,37.0,35.0,1,5,0,9.0,18.0,15.0,36.0,26.0,26.0,26.0,青木葵,2,2,2,2,0,0,0,2,0,1,0,0,0,0,0,0,0,4,0,0,0,0,1,0,0,0,24,14,4,3,0,0,1,7,7,7,11,0,1,9,0,0,1,0,4,4,5,5,3,0,0,0,0,0,0
npc_senario1_3_1634132893.6775818_p3,npc_senario1_3,T,P,R,R,OS,R,N,170.27,68.7131,False,100,4.0,25.0,30.0,37.0,26.0,22.0,28.0,28.0,46.0,43.0,34.0,4,5,0,13.0,7.0,17.0,31.0,27.0,36.0,34.0,長崎直樹,6,4,1,0,0,0,1,4,1,0,0,0,2,0,0,0,0,5,0,0,0,0,0,0,0,0,73,56,22,20,0,0,2,28,12,16,38,2,0,15,0,1,3,0,8,19,24,23,3,0,0,0,0,0,0
npc_senario1_3_1634132893.694613_b1,npc_senario1_3,B,B,R,L,O,R,N,166.296,65.0268,False,100,14.0,9.0,38.0,38.0,16.0,35.0,27.0,18.0,42.0,39.0,33.0,5,2,0,16.0,14.0,16.0,30.0,31.0,32.0,33.0,網走幸雄,0,0,0,0,0,0,0,0,0,0,0,0,0,0,0,0,0,0,0,0,0,0,0,0,0,0,0,0,0,0,0,0,0,0,0,0,0,0,0,0,0,0,0,0,0,0,0,0,0,0,0,0,0,0,0
npc_senario1_3_1634132893.7116246_b2,npc_senario1_3,T,B,R,R,O,F,N,161.023,58.0806,False,100,13.0,7.0,34.0,43.0,38.0,42.0,27.0,19.0,42.0,34.0,17.0,2,5,0,21.0,9.0,11.0,27.0,37.0,33.0,32.0,館山和也,12,11,2,2,0,0,0,2,0,0,0,0,1,0,3,0,0,0,0,0,0,1,0,1,1,0,0,0,0,0,0,0,0,0,0,0,0,0,0,0,0,0,0,0,0,0,0,0,0,0,0,0,0,0,0
npc_senario1_3_1634132893.729621_b3,npc_senario1_3,H,B,L,R,O,F,N,167.588,64.7484,False,100,9.0,9.0,34.0,52.0,26.0,31.0,26.0,28.0,45.0,43.0,31.0,2,3,0,10.0,22.0,10.0,29.0,39.0,32.0,26.0,田中賢二,14,14,3,2,0,0,1,6,3,0,0,0,0,0,2,0,1,36,1,0,0,1,2,4,4,0,0,0,0,0,0,0,0,0,0,0,0,0,0,0,0,0,0,0,0,0,0,0,0,0,0,0,0,0,0
npc_senario1_3_1634132893.7476196_b4,npc_senario1_3,T,B,R,R,O,C,N,165.651,56.5157,False,100,13.0,18.0,41.0,43.0,33.0,26.0,30.0,33.0,40.0,41.0,30.0,3,3,1,13.0,19.0,14.0,32.0,27.0,28.0,33.0,西東京直樹,12,11,2,1,1,0,0,3,1,0,0,0,1,0,0,0,1,18,1,0,0,1,2,3,3,0,0,0,0,0,0,0,0,0,0,0,0,0,0,0,0,0,0,0,0,0,0,0,0,0,0,0,0,0,0
npc_senario1_3_1634132893.7656157_b5,npc_senario1_3,H,B,R,R,O,F,N,172.229,59.869,False,100,19.0,23.0,40.0,39.0,29.0,32.0,30.0,24.0,35.0,46.0,31.0,1,3,0,11.0,18.0,23.0,39.0,33.0,35.0,27.0,森貴大,12,10,2,1,0,0,1,5,1,1,0,0,2,0,1,0,0,14,0,0,0,2,1,0,0,0,0,0,0,0,0,0,0,0,0,0,0,0,0,0,0,0,0,0,0,0,0,0,0,0,0,0,0,0,0
npc_senario1_3_1634132893.782617_b6,npc_senario1_3,T,B,R,R,O,F,N,178.831,68.2448,False,100,15.0,26.0,36.0,30.0,25.0,31.0,28.0,29.0,49.0,38.0,37.0,2,1,0,23.0,8.0,11.0,20.0,35.0,29.0,29.0,那珂一美,12,12,2,0,0,0,2,8,5,0,0,0,0,0,2,0,0,9,0,0,0,0,1,3,3,0,0,0,0,0,0,0,0,0,0,0,0,0,0,0,0,0,0,0,0,0,0,0,0,0,0,0,0,0,0
npc_senario1_3_1634132893.8016124_b7,npc_senario1_3,B,B,R,R,O,F,N,159.942,63.7771,False,100,13.0,17.0,43.0,39.0,20.0,28.0,26.0,26.0,49.0,34.0,41.0,5,2,0,16.0,13.0,17.0,37.0,28.0,37.0,33.0,平幹夫,14,12,1,1,0,0,0,1,0,0,0,0,2,0,2,0,0,45,4,0,0,1,2,3,3,0,0,0,0,0,0,0,0,0,0,0,0,0,0,0,0,0,0,0,0,0,0,0,0,0,0,0,0,0,0
npc_senario1_3_1634132893.8196166_b8,npc_senario1_3,H,B,R,R,O,F,N,170.866,54.12,False,100,12.0,15.0,43.0,40.0,22.0,32.0,23.0,26.0,36.0,45.0,19.0,4,4,4,20.0,7.0,15.0,39.0,37.0,24.0,28.0,瀬戸内正和,12,12,3,3,0,0,0,3,0,2,0,0,0,0,2,1,1,3,0,0,0,1,4,1,1,0,0,0,0,0,0,0,0,0,0,1,0,0,0,0,0,0,0,0,0,0,0,0,1,0,0,0,0,0,0
npc_senario1_3_1634132893.836624_b9,npc_senario1_3,B,B,R,L,O,F,D,161.226,68.1348,False,100,19.0,9.0,37.0,40.0,19.0,33.0,29.0,29.0,38.0,31.0,23.0,5,3,0,18.0,7.0,11.0,22.0,36.0,26.0,35.0,前田秀一,11,9,1,1,0,0,0,1,0,1,0,0,2,0,2,1,0,27,2,0,0,1,2,1,1,0,0,0,0,0,0,0,0,0,0,0,0,0,0,0,0,0,0,0,0,0,0,0,0,0,0,0,0,0,0
npc_senario1_4_1634133017.4734209_p1,npc_senario1_4,B,P,R,R,OS,C,N,174.0,71.0,False,100,15.0,32.0,16.0,32.0,48.0,52.0,20.0,20.0,23.0,56.0,23.0,3,1,0,22.0,19.0,13.0,46.0,39.0,39.0,40.0,長崎華,2,2,0,0,0,0,0,0,0,0,0,0,0,0,0,0,0,4,0,0,0,1,0,0,0,0,26,17,5,4,0,0,1,8,2,2,14,2,0,7,0,3,0,0,0,4,4,3,3,0,0,0,0,0,0
npc_senario1_4_1634133017.5094182_p2,npc_senario1_4,B,P,L,R,OS,C,N,172.536,61.2864,False,100,20.0,23.0,16.0,34.0,50.0,45.0,18.0,23.0,28.0,52.0,14.0,5,5,4,15.0,16.0,21.0,42.0,43.0,32.0,44.0,徳島晃,4,3,1,1,0,0,0,1,1,1,1,0,0,0,1,1,0,4,0,0,0,0,0,2,1,0,37,28,7,4,1,0,2,14,4,5,21,2,0,7,0,4,2,0,3,5,7,7,3,0,0,0,0,0,0
npc_senario1_4_1634133017.531418_p3,npc_senario1_4,T,P,L,R,O,F,N,173.741,46.3425,False,100,20.0,11.0,11.0,26.0,44.0,40.0,28.0,21.0,16.0,49.0,1.0,1,1,3,17.0,15.0,12.0,47.0,45.0,44.0,35.0,田原静雄,8,6,1,1,0,0,0,1,1,0,2,0,0,0,1,0,0,4,0,0,0,1,0,1,1,0,80,43,9,6,2,0,1,14,15,15,40,6,0,31,0,9,0,0,9,8,24,17,3,0,0,0,0,0,0
npc_senario1_4_1634133017.549418_b1,npc_senario1_4,H,B,R,R,O,F,N,166.59,70.1287,False,100,25.0,17.0,20.0,34.0,49.0,46.0,28.0,24.0,25.0,50.0,24.0,5,4,0,18.0,16.0,12.0,44.0,42.0,29.0,28.0,松本良夫,15,15,5,3,0,0,2,11,6,0,0,0,0,0,2,1,0,7,1,0,0,2,2,7,6,0,0,0,0,0,0,0,0,0,0,0,0,0,0,0,0,0,0,0,0,0,0,0,0,0,0,0,0,0,0
npc_senario1_4_1634133017.5674183_b2,npc_senario1_4,T,B,R,R,O,R,N,164.321,74.5574,False,100,19.0,13.0,26.0,20.0,40.0,48.0,14.0,18.0,22.0,45.0,24.0,5,5,1,7.0,21.0,15.0,37.0,38.0,33.0,27.0,久保孝雄,0,0,0,0,0,0,0,0,0,0,0,0,0,0,0,0,0,0,0,0,0,0,0,0,0,0,0,0,0,0,0,0,0,0,0,0,0,0,0,0,0,0,0,0,0,0,0,0,0,0,0,0,0,0,0
npc_senario1_4_1634133017.5854177_b3,npc_senario1_4,H,B,R,L,O,F,N,169.0,72.0,False,100,22.0,15.0,27.0,34.0,40.0,44.0,23.0,25.0,21.0,52.0,23.0,1,3,0,23.0,16.0,6.0,46.0,41.0,46.0,49.0,斎藤洋平,16,16,7,6,0,0,1,10,3,5,0,0,0,0,3,2,0,19,2,0,0,1,2,4,4,0,0,0,0,0,0,0,0,0,0,2,0,0,0,0,0,0,0,0,0,0,0,0,2,0,0,0,0,0,0
npc_senario1_4_1634133017.6034136_b4,npc_senario1_4,T,B,R,R,O,C,N,181.317,73.0684,False,100,19.0,24.0,18.0,26.0,45.0,52.0,20.0,29.0,25.0,51.0,15.0,3,2,0,18.0,7.0,15.0,39.0,41.0,32.0,38.0,山田大樹,14,13,1,1,0,0,0,1,0,1,0,0,1,0,3,0,0,0,0,0,0,1,1,6,5,0,0,0,0,0,0,0,0,0,0,0,0,0,0,0,0,0,0,0,0,0,0,0,0,0,0,0,0,0,0
npc_senario1_4_1634133017.6204135_b5,npc_senario1_4,H,B,R,R,O,R,U,168.849,57.7125,False,100,23.0,22.0,24.0,28.0,38.0,45.0,22.0,12.0,15.0,51.0,18.0,4,5,0,13.0,21.0,9.0,42.0,46.0,43.0,30.0,東松山邦雄,14,13,5,2,0,0,3,14,3,1,0,0,1,0,3,0,0,5,0,0,0,1,1,2,1,0,0,0,0,0,0,0,0,0,0,0,0,0,0,0,0,0,0,0,0,0,0,0,0,0,0,0,0,0,0
npc_senario1_4_1634133017.6374137_b6,npc_senario1_4,H,B,R,L,O,R,U,174.619,70.1623,False,100,28.0,17.0,25.0,26.0,45.0,41.0,17.0,11.0,20.0,66.0,13.0,2,2,5,26.0,7.0,21.0,38.0,38.0,40.0,35.0,浜北茂樹,14,11,2,1,1,0,0,3,2,1,0,0,3,0,1,2,0,16,1,0,0,0,0,3,2,0,0,0,0,0,0,0,0,0,0,0,0,0,0,0,0,0,0,0,0,0,0,0,0,0,0,0,0,0,0
npc_senario1_4_1634133017.6554203_b7,npc_senario1_4,T,B,R,R,O,F,N,178.279,89.2981,False,100,10.0,27.0,8.0,17.0,36.0,37.0,24.0,22.0,27.0,53.0,19.0,4,1,0,14.0,8.0,3.0,35.0,40.0,30.0,38.0,糸満敏男,14,14,3,2,0,1,0,5,1,3,0,0,0,0,3,1,0,21,2,0,0,0,1,3,2,0,0,0,0,0,0,0,0,0,0,1,0,0,0,0,0,0,0,0,0,0,0,0,1,0,0,0,0,0,0
npc_senario1_4_1634133017.6764178_b8,npc_senario1_4,T,B,R,L,O,R,U,173.989,64.5817,False,100,10.0,20.0,21.0,32.0,46.0,47.0,26.0,28.0,28.0,47.0,19.0,1,5,0,9.0,15.0,18.0,40.0,37.0,38.0,38.0,伊藤芳夫,15,14,5,4,0,0,1,8,2,2,0,0,1,0,2,2,0,45,1,0,0,2,2,2,1,0,0,0,0,0,0,0,0,0,0,1,0,0,0,0,0,0,0,0,0,0,0,0,1,0,0,0,0,0,0
npc_senario1_4_1634133017.6984138_b9,npc_senario1_4,B,B,R,R,O,R,N,170.647,56.399,False,100,20.0,22.0,25.0,29.0,49.0,37.0,14.0,22.0,22.0,50.0,22.0,4,2,0,10.0,24.0,12.0,35.0,36.0,31.0,45.0,上山実,14,13,4,4,0,0,0,4,3,0,0,0,1,0,2,0,1,7,0,0,0,1,1,8,7,0,0,0,0,0,0,0,0,0,0,0,0,0,0,0,0,0,0,0,0,0,0,0,0,0,0,0,0,0,0
npc_senario1_5_1634135829.4240434_p1,npc_senario1_5,B,P,L,R,S,C,N,173.0,62.0,False,100,30.0,21.0,34.0,21.0,30.0,28.0,47.0,55.0,26.0,24.0,44.0,1,2,0,42.0,37.0,37.0,36.0,33.0,40.0,32.0,和光正義,24,17,2,2,0,0,0,2,0,1,0,0,7,0,2,0,1,8,0,0,0,2,1,3,3,0,232,185,39,31,3,0,5,57,12,15,156,9,0,38,0,21,6,0,24,40,46,39,11,1,0,0,0,0,0
npc_senario1_5_1634135829.4620445_p2,npc_senario1_5,H,P,R,L,O,F,N,165.0,70.0,False,100,33.0,27.0,29.0,19.0,27.0,32.0,43.0,50.0,19.0,23.0,55.0,2,5,0,39.0,48.0,31.0,40.0,35.0,46.0,49.0,東四朗,20,17,3,2,0,0,1,6,3,0,0,0,3,0,1,1,0,15,0,0,0,4,2,2,2,0,221,186,32,25,3,0,4,47,18,21,154,5,0,30,0,27,8,0,15,27,36,32,11,0,0,0,0,0,0
npc_senario1_5_1634135829.503037_b1,npc_senario1_5,T,B,R,R,O,C,D,172.009,58.6786,False,100,32.0,26.0,30.0,19.0,23.0,27.0,51.0,55.0,26.0,35.0,50.0,1,1,1,36.0,32.0,30.0,37.0,35.0,33.0,43.0,糸島久,50,42,9,7,1,0,1,13,2,4,0,0,8,0,5,2,0,196,2,0,0,3,8,10,10,0,0,0,0,0,0,0,0,0,0,1,0,0,0,0,0,0,0,0,0,0,0,0,1,0,0,0,0,0,0
npc_senario1_5_1634135829.5220346_b2,npc_senario1_5,T,B,R,R,O,R,N,169.132,53.1118,False,100,24.0,20.0,17.0,26.0,25.0,29.0,49.0,51.0,29.0,23.0,51.0,4,5,0,25.0,37.0,37.0,42.0,42.0,37.0,42.0,大村杏,48,42,3,2,1,0,0,4,2,2,0,1,5,0,4,4,1,85,1,0,0,2,3,7,7,0,0,0,0,0,0,0,0,0,0,0,0,0,0,0,0,0,0,0,0,0,0,0,0,0,0,0,0,0,0
npc_senario1_5_1634135829.5400348_b3,npc_senario1_5,B,B,R,R,O,R,D,166.08,57.2695,False,100,39.0,17.0,26.0,21.0,19.0,27.0,55.0,49.0,16.0,33.0,51.0,2,4,0,33.0,30.0,28.0,42.0,41.0,36.0,42.0,伊藤昭三,0,0,0,0,0,0,0,0,0,0,0,0,0,0,0,0,0,0,0,0,0,0,0,0,0,0,0,0,0,0,0,0,0,0,0,0,0,0,0,0,0,0,0,0,0,0,0,0,0,0,0,0,0,0,0
npc_senario1_5_1634135829.5590348_b4,npc_senario1_5,T,B,R,L,O,F,N,173.271,63.8911,False,100,33.0,27.0,23.0,22.0,26.0,26.0,50.0,55.0,32.0,27.0,50.0,4,5,0,34.0,35.0,35.0,34.0,41.0,40.0,44.0,茨城信義,54,50,9,8,0,0,1,12,5,0,0,0,4,0,13,3,1,125,2,0,0,5,4,7,6,0,0,0,0,0,0,0,0,0,0,0,0,0,0,0,0,0,0,0,0,0,0,0,0,0,0,0,0,0,0
npc_senario1_5_1634135829.5780346_b5,npc_senario1_5,H,B,R,L,O,R,N,169.32,60.6133,False,100,28.0,19.0,27.0,16.0,24.0,20.0,48.0,58.0,25.0,35.0,56.0,4,5,0,31.0,34.0,45.0,38.0,37.0,39.0,37.0,生駒伸一,48,46,6,5,0,0,1,9,3,1,0,0,2,0,8,2,2,18,0,0,0,4,8,14,12,0,0,0,0,0,0,0,0,0,0,0,0,0,0,0,0,0,0,0,0,0,0,0,0,0,0,0,0,0,0
npc_senario1_5_1634135829.5960348_b6,npc_senario1_5,T,B,R,L,O,F,N,178.605,55.7934,False,100,31.0,23.0,21.0,24.0,25.0,20.0,48.0,50.0,27.0,27.0,54.0,2,2,4,30.0,35.0,32.0,33.0,40.0,42.0,35.0,西村賢一,49,46,6,5,1,0,0,7,0,2,0,0,3,0,4,6,0,22,3,0,0,5,7,14,12,0,0,0,0,0,0,0,0,0,0,2,0,0,0,0,0,0,0,0,0,0,0,0,2,0,0,0,0,0,0
npc_senario1_5_1634135829.6150346_b7,npc_senario1_5,H,B,R,R,O,R,D,172.12,58.0324,False,100,25.0,25.0,24.0,12.0,26.0,30.0,54.0,48.0,28.0,28.0,53.0,1,4,0,35.0,31.0,40.0,39.0,42.0,41.0,37.0,銚子良一,47,43,6,5,1,0,0,7,2,3,0,1,3,0,6,3,1,45,1,0,0,4,8,12,9,0,0,0,0,0,0,0,0,0,0,2,0,0,0,0,0,0,0,0,0,0,0,0,2,0,0,0,0,0,0
npc_senario1_5_1634135829.6340346_b8,npc_senario1_5,T,B,R,R,O,F,N,179.753,59.6823,False,100,30.0,20.0,29.0,20.0,29.0,23.0,54.0,37.0,26.0,28.0,54.0,1,5,0,32.0,38.0,41.0,29.0,39.0,42.0,37.0,二本松凌,52,49,7,5,2,0,0,9,1,1,0,0,3,0,6,1,0,31,0,0,0,2,5,14,13,0,0,0,0,0,0,0,0,0,0,0,0,0,0,0,0,0,0,0,0,0,0,0,0,0,0,0,0,0,0
npc_senario1_5_1634135829.6520352_b9,npc_senario1_5,B,B,R,R,O,R,N,163.359,46.8286,False,100,22.0,23.0,31.0,19.0,34.0,31.0,60.0,55.0,25.0,28.0,51.0,5,5,2,37.0,35.0,29.0,34.0,38.0,33.0,33.0,伏見一彦,53,46,6,4,2,0,0,8,1,0,0,0,7,0,3,1,1,2,0,0,0,2,5,13,11,0,0,0,0,0,0,0,0,0,0,0,0,0,0,0,0,0,0,0,0,0,0,0,0,0,0,0,0,0,0
npc_senarioAT_1_1634445234.5941477_p1,npc_senarioAT_1,T,P,R,R,OS,R,N,176.0,76.0,False,100,23.0,25.0,27.0,39.0,28.0,25.0,20.0,15.0,47.0,49.0,12.0,3,4,0,13.0,6.0,8.0,9.0,10.0,17.0,18.0,土屋大和,5,5,0,0,0,0,0,0,0,0,0,0,0,0,2,1,0,2,0,0,0,0,0,1,0,0,56,42,13,9,1,0,3,23,13,13,30,0,0,14,0,6,1,0,8,11,12,12,4,0,0,0,0,0,0
npc_senarioAT_1_1634445234.6641421_p2,npc_senarioAT_1,B,P,R,R,OS,R,N,158.0,63.0,False,100,23.0,22.0,11.0,44.0,28.0,26.0,24.0,18.0,48.0,49.0,11.0,2,1,0,3.0,7.0,16.0,6.0,1.0,2.0,10.0,吉田康夫,12,11,6,5,0,0,1,9,7,2,0,0,1,0,1,0,0,6,0,0,0,1,6,6,6,0,134,104,37,29,4,0,4,53,27,28,69,0,0,30,0,6,0,0,10,33,44,41,5,0,2,0,0,0,0
npc_senarioAT_1_1634445234.7401428_b1,npc_senarioAT_1,B,B,R,R,O,C,N,169.066,50.72,False,100,28.0,17.0,24.0,41.0,28.0,26.0,15.0,21.0,31.0,55.0,6.0,1,3,0,2.0,7.0,3.0,15.0,19.0,13.0,5.0,中川英明,0,0,0,0,0,0,0,0,0,0,0,0,0,0,0,0,0,0,0,0,0,0,0,0,0,0,0,0,0,0,0,0,0,0,0,0,0,0,0,0,0,0,0,0,0,0,0,0,0,0,0,0,0,0,0
npc_senarioAT_1_1634445234.7962003_b2,npc_senarioAT_1,B,B,R,L,O,F,D,174.308,73.2938,False,100,33.0,16.0,24.0,40.0,28.0,29.0,20.0,21.0,38.0,52.0,11.0,1,5,0,7.0,1.0,13.0,8.0,11.0,10.0,13.0,佐賀誠一,21,17,4,4,0,0,0,4,3,3,0,0,4,0,2,1,0,13,0,0,0,2,1,5,5,0,0,0,0,0,0,0,0,0,0,0,0,0,0,0,0,0,0,0,0,0,0,0,0,0,0,0,0,0,0
npc_senarioAT_1_1634445234.8371382_b3,npc_senarioAT_1,T,B,R,R,O,F,N,172.062,77.2593,False,100,24.0,28.0,11.0,30.0,25.0,30.0,31.0,34.0,38.0,48.0,2.0,5,3,0,5.0,7.0,13.0,2.0,14.0,23.0,14.0,枚岡照夫,18,17,7,7,0,0,0,7,4,2,0,0,1,0,1,0,1,15,1,0,0,2,6,7,7,0,0,0,0,0,0,0,0,0,0,0,0,0,0,0,0,0,0,0,0,0,0,0,0,0,0,0,0,0,0
npc_senarioAT_1_1634445234.8571682_b4,npc_senarioAT_1,B,B,R,R,O,C,N,167.685,77.119,False,100,28.0,22.0,24.0,44.0,18.0,24.0,29.0,23.0,36.0,42.0,8.0,1,3,0,11.0,15.0,10.0,23.0,18.0,6.0,9.0,湖西幸男,21,18,7,4,1,0,2,14,6,2,0,0,3,0,2,0,1,42,3,0,0,3,5,8,7,0,0,0,0,0,0,0,0,0,0,0,0,0,0,0,0,0,0,0,0,0,0,0,0,0,0,0,0,0,0
npc_senarioAT_1_1634445234.8751738_b5,npc_senarioAT_1,T,B,R,R,O,F,N,175.612,74.7666,False,100,32.0,29.0,34.0,34.0,21.0,23.0,18.0,23.0,36.0,52.0,10.0,4,5,0,12.0,15.0,1.0,10.0,15.0,3.0,13.0,伊藤孝夫,21,18,3,3,0,0,0,3,2,2,0,0,3,0,1,1,0,38,1,0,0,2,5,6,6,0,0,0,0,0,0,0,0,0,0,0,0,0,0,0,0,0,0,0,0,0,0,0,0,0,0,0,0,0,0
npc_senarioAT_1_1634445234.892168_b6,npc_senarioAT_1,H,B,R,R,O,R,N,167.0,72.0,False,100,30.0,29.0,20.0,36.0,30.0,29.0,22.0,26.0,42.0,52.0,9.0,2,2,3,2.0,9.0,11.0,10.0,13.0,3.0,5.0,福津大和,21,16,3,3,0,0,0,3,1,1,0,0,5,0,1,3,0,20,0,0,0,1,3,2,2,0,0,0,0,0,0,0,0,0,0,0,0,0,0,0,0,0,0,0,0,0,0,0,0,0,0,0,0,0,0
npc_senarioAT_1_1634445234.9101675_b7,npc_senarioAT_1,T,B,R,L,O,R,N,175.665,68.8228,False,100,28.0,25.0,27.0,32.0,30.0,29.0,32.0,25.0,31.0,51.0,6.0,1,3,0,14.0,10.0,9.0,9.0,13.0,3.0,11.0,宮崎美月,20,14,2,1,0,0,1,5,3,4,0,0,6,0,3,1,0,24,2,0,0,0,1,4,3,0,0,0,0,0,0,0,0,0,0,1,0,0,0,0,0,0,0,0,0,0,0,0,1,0,0,0,0,0,0
npc_senarioAT_1_1634445234.9281728_b8,npc_senarioAT_1,H,B,R,R,O,F,U,174.282,61.9965,False,100,25.0,27.0,18.0,40.0,19.0,34.0,25.0,20.0,43.0,49.0,9.0,5,1,0,2.0,2.0,12.0,10.0,10.0,21.0,26.0,山下勝治,20,19,2,2,0,0,0,2,0,3,0,0,1,0,2,0,0,3,0,0,0,2,4,7,6,0,0,0,0,0,0,0,0,0,0,0,0,0,0,0,0,0,0,0,0,0,0,0,0,0,0,0,0,0,0
npc_senarioAT_1_1634445234.94519_b9,npc_senarioAT_1,B,B,R,L,O,R,N,171.967,58.4715,False,100,32.0,22.0,25.0,35.0,24.0,14.0,27.0,30.0,37.0,47.0,10.0,3,5,0,7.0,9.0,1.0,18.0,6.0,7.0,13.0,保谷結愛,20,16,4,1,3,0,0,7,1,4,0,0,4,0,2,0,0,45,3,0,0,2,2,3,3,0,0,0,0,0,0,0,0,0,0,0,0,0,0,0,0,0,0,0,0,0,0,0,0,0,0,0,0,0,0
npc_senarioAT_2_1634445251.84064_p1,npc_senarioAT_2,T,P,R,L,OS,R,N,174.043,52.5652,False,100,33.0,21.0,31.0,52.0,26.0,29.0,24.0,28.0,15.0,53.0,15.0,2,5,0,15.0,19.0,8.0,51.0,63.0,60.0,59.0,桐生正志,4,4,0,0,0,0,0,0,0,0,0,0,0,0,0,0,0,0,0,0,0,0,2,0,0,0,39,30,10,9,1,0,0,11,3,3,19,0,0,9,0,2,2,0,4,9,18,16,2,0,0,0,0,0,0
npc_senarioAT_2_1634445251.8976994_p2,npc_senarioAT_2,B,P,R,R,OS,R,N,165.358,63.1142,False,100,43.0,20.0,21.0,53.0,22.0,32.0,30.0,28.0,22.0,64.0,10.0,2,1,0,18.0,15.0,7.0,61.0,64.0,59.0,57.0,東葛大輝,4,3,1,0,0,0,1,4,2,0,0,0,1,0,1,0,0,0,0,0,0,1,0,2,1,0,62,41,11,6,4,0,1,18,12,13,29,0,0,21,0,2,2,0,11,11,17,17,2,0,0,0,0,0,0
npc_senarioAT_2_1634445251.9636607_b1,npc_senarioAT_2,B,B,R,R,O,F,N,187.029,78.1174,False,100,41.0,19.0,11.0,58.0,26.0,34.0,27.0,30.0,35.0,59.0,15.0,5,1,0,12.0,17.0,12.0,56.0,63.0,56.0,59.0,山本陽向,9,7,2,1,0,0,1,5,3,0,0,0,2,0,0,0,0,26,0,0,0,2,0,2,2,0,0,0,0,0,0,0,0,0,0,0,0,0,0,0,0,0,0,0,0,0,0,0,0,0,0,0,0,0,0
npc_senarioAT_2_1634445252.0236325_b2,npc_senarioAT_2,T,B,L,L,O,F,N,182.13,55.2723,False,100,35.0,32.0,20.0,47.0,21.0,31.0,38.0,14.0,35.0,67.0,5.0,5,4,0,12.0,15.0,10.0,62.0,60.0,60.0,57.0,小林繁雄,0,0,0,0,0,0,0,0,0,0,0,0,0,0,0,0,0,0,0,0,0,0,0,0,0,0,0,0,0,0,0,0,0,0,0,0,0,0,0,0,0,0,0,0,0,0,0,0,0,0,0,0,0,0,0
npc_senarioAT_2_1634445252.0576322_b3,npc_senarioAT_2,T,B,R,R,O,R,N,174.327,69.4194,False,100,40.0,21.0,30.0,53.0,26.0,35.0,19.0,28.0,22.0,55.0,7.0,5,5,1,11.0,14.0,14.0,64.0,56.0,59.0,62.0,中村英夫,9,7,1,1,0,0,0,1,2,1,0,0,2,0,1,0,0,6,0,0,0,0,1,1,1,0,0,0,0,0,0,0,0,0,0,0,0,0,0,0,0,0,0,0,0,0,0,0,0,0,0,0,0,0,0
npc_senarioAT_2_1634445252.0876355_b4,npc_senarioAT_2,T,B,R,R,O,R,N,172.324,70.9539,False,100,36.0,17.0,29.0,48.0,30.0,29.0,31.0,32.0,30.0,59.0,8.0,2,1,0,18.0,12.0,19.0,65.0,64.0,51.0,61.0,長崎駿,10,9,1,1,0,0,0,1,0,0,0,0,1,0,1,0,0,23,2,0,0,0,1,5,4,0,0,0,0,0,0,0,0,0,0,0,0,0,0,0,0,0,0,0,0,0,0,0,0,0,0,0,0,0,0
npc_senarioAT_2_1634445252.1076317_b5,npc_senarioAT_2,T,B,R,L,O,F,N,163.541,54.1473,False,100,42.0,17.0,23.0,57.0,18.0,30.0,25.0,20.0,27.0,50.0,16.0,2,4,0,9.0,8.0,21.0,60.0,63.0,60.0,47.0,中村梓,8,8,3,2,0,0,1,6,1,0,0,0,0,0,0,0,0,10,2,0,0,0,2,1,1,0,0,0,0,0,0,0,0,0,0,0,0,0,0,0,0,0,0,0,0,0,0,0,0,0,0,0,0,0,0
npc_senarioAT_2_1634445252.1286323_b6,npc_senarioAT_2,T,B,L,R,O,R,N,165.44,63.0108,False,100,34.0,30.0,23.0,53.0,34.0,35.0,33.0,33.0,30.0,50.0,17.0,1,3,0,20.0,14.0,14.0,51.0,52.0,55.0,64.0,富岡敏彦,10,7,2,2,0,0,0,2,0,1,0,0,3,0,0,0,0,8,1,0,0,0,2,0,0,0,0,0,0,0,0,0,0,0,0,0,0,0,0,0,0,0,0,0,0,0,0,0,0,0,0,0,0,0,0
npc_senarioAT_2_1634445252.1496332_b7,npc_senarioAT_2,H,B,R,L,O,F,N,168.0,70.0,False,100,42.0,20.0,35.0,52.0,20.0,26.0,32.0,24.0,25.0,54.0,20.0,1,4,0,15.0,14.0,18.0,50.0,54.0,43.0,58.0,諏訪武,10,7,1,0,0,0,1,4,1,2,0,0,3,0,0,1,0,22,2,0,0,0,1,0,0,0,0,0,0,0,0,0,0,0,0,0,0,0,0,0,0,0,0,0,0,0,0,0,0,0,0,0,0,0,0
npc_senarioAT_2_1634445252.1706324_b8,npc_senarioAT_2,H,B,R,R,O,F,N,182.337,71.9716,False,100,42.0,26.0,16.0,51.0,27.0,30.0,31.0,31.0,31.0,57.0,8.0,4,4,1,14.0,9.0,7.0,49.0,55.0,53.0,61.0,佐藤亮太,8,8,1,1,0,0,0,1,0,1,0,0,0,0,0,1,0,9,0,0,0,0,3,1,1,0,0,0,0,0,0,0,0,0,0,0,0,0,0,0,0,0,0,0,0,0,0,0,0,0,0,0,0,0,0
npc_senarioAT_2_1634445252.191634_b9,npc_senarioAT_2,B,B,R,R,O,R,U,164.616,81.2661,False,100,43.0,15.0,23.0,52.0,33.0,41.0,25.0,29.0,26.0,61.0,17.0,4,5,0,10.0,17.0,9.0,56.0,55.0,59.0,57.0,田村一郎,9,8,0,0,0,0,0,0,0,0,0,0,1,0,2,0,0,2,0,0,0,0,2,4,2,0,0,0,0,0,0,0,0,0,0,0,0,0,0,0,0,0,0,0,0,0,0,0,0,0,0,0,0,0,0
npc_senarioAT_3_1634445266.2598228_p1,npc_senarioAT_3,T,P,R,L,O,R,N,164.092,60.4376,False,100,49.0,30.0,57.0,25.0,21.0,19.0,33.0,23.0,27.0,30.0,22.0,1,1,1,16.0,9.0,13.0,36.0,29.0,31.0,27.0,京都咲良,6,6,2,1,1,0,0,3,1,1,0,0,0,0,0,1,1,5,0,0,0,0,0,2,2,0,66,47,14,8,4,1,1,23,8,8,34,0,0,19,0,18,1,0,3,10,20,12,2,0,1,0,0,0,0
npc_senarioAT_3_1634445266.3077657_p2,npc_senarioAT_3,T,P,L,L,O,F,N,170.607,76.6887,False,100,46.0,31.0,61.0,27.0,24.0,29.0,24.0,27.0,24.0,43.0,17.0,3,3,2,11.0,18.0,15.0,28.0,29.0,37.0,31.0,山田勝,2,1,1,0,1,0,0,2,2,1,0,0,1,0,0,0,0,2,0,0,0,0,1,1,1,0,30,22,6,5,1,0,0,7,3,3,17,0,0,8,0,4,1,0,1,5,12,9,2,0,0,0,0,0,0
npc_senarioAT_3_1634445266.3477614_b1,npc_senarioAT_3,T,B,R,R,O,R,N,172.871,65.8457,False,100,40.0,25.0,59.0,25.0,21.0,29.0,31.0,24.0,21.0,36.0,30.0,2,3,0,14.0,19.0,20.0,37.0,31.0,30.0,30.0,田中薫,0,0,0,0,0,0,0,0,0,0,0,0,0,0,0,0,0,0,0,0,0,0,0,0,0,0,0,0,0,0,0,0,0,0,0,0,0,0,0,0,0,0,0,0,0,0,0,0,0,0,0,0,0,0,0
npc_senarioAT_3_1634445266.367797_b2,npc_senarioAT_3,T,B,R,R,O,F,N,173.687,67.2729,False,100,38.0,29.0,59.0,32.0,14.0,27.0,34.0,28.0,29.0,46.0,25.0,4,5,0,10.0,18.0,20.0,37.0,39.0,36.0,27.0,鈴木英樹,10,7,0,0,0,0,0,0,0,2,0,0,3,0,1,0,0,15,1,0,0,2,0,1,0,0,0,0,0,0,0,0,0,0,0,1,0,0,0,0,0,0,0,0,0,0,0,0,1,0,0,0,0,0,0
npc_senarioAT_3_1634445266.3857932_b3,npc_senarioAT_3,H,B,R,L,O,F,N,172.767,58.7151,False,100,41.0,30.0,69.0,25.0,22.0,22.0,33.0,22.0,22.0,34.0,3.0,5,4,0,18.0,13.0,13.0,27.0,24.0,29.0,27.0,駒ヶ根良夫,10,7,0,0,0,0,0,0,1,1,0,0,3,0,1,0,1,4,0,0,0,2,0,3,3,0,0,0,0,0,0,0,0,0,0,0,0,0,0,0,0,0,0,0,0,0,0,0,0,0,0,0,0,0,0
npc_senarioAT_3_1634445266.4037971_b4,npc_senarioAT_3,B,B,R,L,O,C,N,172.0,65.0,False,100,40.0,24.0,64.0,31.0,12.0,25.0,27.0,29.0,27.0,39.0,17.0,1,5,0,12.0,20.0,20.0,31.0,32.0,36.0,27.0,挙母光,10,6,1,0,1,0,0,2,1,0,0,0,4,0,1,0,0,16,0,0,0,0,0,1,1,0,0,0,0,0,0,0,0,0,0,0,0,0,0,0,0,0,0,0,0,0,0,0,0,0,0,0,0,0,0
npc_senarioAT_3_1634445266.4217944_b5,npc_senarioAT_3,B,B,R,R,O,F,N,173.627,69.1319,False,100,38.0,25.0,51.0,32.0,17.0,21.0,29.0,33.0,28.0,30.0,23.0,2,3,0,4.0,13.0,14.0,31.0,26.0,27.0,40.0,白岡登,10,8,4,4,0,0,0,4,1,2,0,0,2,0,0,1,0,9,0,0,0,0,0,2,2,0,0,0,0,0,0,0,0,0,0,0,0,0,0,0,0,0,0,0,0,0,0,0,0,0,0,0,0,0,0
npc_senarioAT_3_1634445266.4397984_b6,npc_senarioAT_3,T,B,R,R,O,R,N,178.502,53.515,False,100,44.0,25.0,54.0,25.0,25.0,29.0,27.0,25.0,24.0,33.0,6.0,3,2,0,16.0,14.0,21.0,29.0,37.0,25.0,33.0,知立凛,9,7,0,0,0,0,0,0,1,1,0,0,2,0,0,0,1,4,0,0,0,2,1,6,6,0,0,0,0,0,0,0,0,0,0,0,0,0,0,0,0,0,0,0,0,0,0,0,0,0,0,0,0,0,0
npc_senarioAT_3_1634445266.4577928_b7,npc_senarioAT_3,H,B,R,L,O,R,N,169.973,80.7646,False,100,41.0,39.0,56.0,36.0,13.0,24.0,33.0,21.0,26.0,37.0,23.0,1,3,0,19.0,12.0,11.0,22.0,27.0,26.0,33.0,田中正雄,10,9,2,2,0,0,0,2,0,1,0,0,1,0,1,0,1,3,0,0,0,1,1,2,2,0,0,0,0,0,0,0,0,0,0,0,0,0,0,0,0,0,0,0,0,0,0,0,0,0,0,0,0,0,0
npc_senarioAT_3_1634445266.4747987_b8,npc_senarioAT_3,B,B,R,R,O,R,N,173.426,57.198,False,100,41.0,34.0,56.0,24.0,27.0,26.0,24.0,37.0,26.0,24.0,28.0,1,2,0,13.0,18.0,3.0,30.0,27.0,29.0,27.0,知多正幸,10,9,1,1,0,0,0,1,1,1,0,0,1,0,1,3,0,9,1,0,0,0,1,0,0,0,0,0,0,0,0,0,0,0,0,1,0,0,0,0,0,0,0,0,0,0,0,0,1,0,0,0,0,0,0
npc_senarioAT_3_1634445266.4938004_b9,npc_senarioAT_3,T,B,R,R,O,R,N,166.068,62.6752,False,100,46.0,32.0,66.0,32.0,19.0,22.0,27.0,23.0,22.0,40.0,19.0,4,1,0,14.0,15.0,10.0,26.0,27.0,34.0,29.0,林田毅,10,9,3,3,0,0,0,3,2,0,0,0,1,0,0,1,1,5,1,0,0,2,3,6,6,0,0,0,0,0,0,0,0,0,0,0,0,0,0,0,0,0,0,0,0,0,0,0,0,0,0,0,0,0,0
npc_senarioAT_4_1634445301.0132186_p1,npc_senarioAT_4,B,P,R,R,S,C,N,177.811,49.8662,False,100,31.0,56.0,7.0,54.0,34.0,43.0,36.0,29.0,53.0,36.0,35.0,1,2,0,19.0,11.0,17.0,55.0,51.0,52.0,45.0,佐々木寿,2,1,1,0,0,0,1,4,3,1,0,0,1,0,0,0,0,4,0,0,0,0,0,1,1,0,24,18,7,4,1,0,2,14,7,7,11,0,0,6,0,2,0,0,2,5,9,7,1,0,0,0,0,0,0
npc_senarioAT_4_1634445301.06622_p2,npc_senarioAT_4,H,P,R,R,OS,F,N,166.17,75.7024,False,100,28.0,61.0,18.0,59.0,33.0,33.0,30.0,20.0,51.0,47.0,26.0,3,2,0,19.0,10.0,8.0,49.0,61.0,35.0,48.0,洲本淳一,3,3,1,1,0,0,0,1,1,1,0,0,0,0,0,0,0,1,0,0,0,0,1,1,1,0,26,21,7,7,0,0,0,7,2,2,16,0,0,5,0,1,1,0,1,7,9,8,1,0,0,0,0,0,0
npc_senarioAT_4_1634445301.1222255_b1,npc_senarioAT_4,T,B,R,R,O,R,N,171.564,65.9712,False,100,27.0,64.0,8.0,52.0,29.0,44.0,29.0,23.0,52.0,36.0,31.0,3,5,0,11.0,9.0,17.0,47.0,39.0,55.0,51.0,木村哲男,5,4,2,0,0,0,2,8,6,0,0,0,1,0,0,0,0,14,0,0,0,0,0,2,2,0,0,0,0,0,0,0,0,0,0,0,0,0,0,0,0,0,0,0,0,0,0,0,0,0,0,0,0,0,0
npc_senarioAT_4_1634445301.1822283_b2,npc_senarioAT_4,H,B,R,R,O,R,N,168.346,71.4187,False,100,26.0,60.0,4.0,50.0,25.0,42.0,25.0,23.0,51.0,44.0,35.0,5,2,0,19.0,10.0,6.0,47.0,46.0,44.0,41.0,加賀弘,0,0,0,0,0,0,0,0,0,0,0,0,0,0,0,0,0,0,0,0,0,0,0,0,0,0,0,0,0,0,0,0,0,0,0,0,0,0,0,0,0,0,0,0,0,0,0,0,0,0,0,0,0,0,0
npc_senarioAT_4_1634445301.2392886_b3,npc_senarioAT_4,H,B,R,R,O,R,U,169.0,63.0,False,100,33.0,57.0,8.0,49.0,25.0,46.0,22.0,18.0,49.0,45.0,38.0,1,5,0,13.0,19.0,10.0,46.0,46.0,43.0,44.0,古川詩,6,6,1,1,0,0,0,1,0,1,0,0,0,0,1,0,0,6,0,0,0,1,2,1,1,0,0,0,0,0,0,0,0,0,0,0,0,0,0,0,0,0,0,0,0,0,0,0,0,0,0,0,0,0,0
npc_senarioAT_4_1634445301.3002384_b4,npc_senarioAT_4,B,B,R,L,O,F,N,170.648,57.8984,False,100,19.0,58.0,9.0,39.0,20.0,35.0,23.0,21.0,45.0,36.0,32.0,5,3,0,9.0,13.0,14.0,39.0,49.0,39.0,59.0,松本文男,5,4,0,0,0,0,0,0,0,1,0,0,1,0,1,0,0,2,0,0,0,0,0,1,0,0,0,0,0,0,0,0,0,0,0,0,0,0,0,0,0,0,0,0,0,0,0,0,0,0,0,0,0,0,0
npc_senarioAT_4_1634445301.3782198_b5,npc_senarioAT_4,T,B,R,R,O,C,D,174.999,57.1987,False,100,24.0,58.0,2.0,47.0,31.0,35.0,27.0,26.0,40.0,38.0,35.0,1,3,0,5.0,14.0,4.0,44.0,43.0,52.0,48.0,井上和夫,5,4,1,1,0,0,0,1,0,2,0,0,1,0,0,0,1,2,1,0,0,0,0,1,1,0,0,0,0,0,0,0,0,0,0,1,0,0,0,0,0,0,0,0,0,0,0,0,1,0,0,0,0,0,0
npc_senarioAT_4_1634445301.4682238_b6,npc_senarioAT_4,B,B,L,R,O,C,N,171.516,68.2767,False,100,33.0,52.0,4.0,39.0,27.0,44.0,24.0,15.0,45.0,40.0,37.0,5,4,0,11.0,16.0,17.0,42.0,46.0,50.0,39.0,後藤達也,5,5,1,1,0,0,0,1,0,2,0,0,0,0,1,1,0,1,0,0,0,1,1,1,1,0,0,0,0,0,0,0,0,0,0,0,0,0,0,0,0,0,0,0,0,0,0,0,0,0,0,0,0,0,0
npc_senarioAT_4_1634445301.5432167_b7,npc_senarioAT_4,H,B,R,R,O,C,N,176.603,64.5851,False,100,25.0,59.0,12.0,55.0,26.0,32.0,28.0,26.0,50.0,37.0,39.0,1,4,0,19.0,13.0,7.0,48.0,44.0,52.0,50.0,阿波義昭,5,3,1,1,0,0,0,1,1,3,0,0,2,0,0,0,0,15,3,0,0,0,1,1,1,0,0,0,0,0,0,0,0,0,0,0,0,0,0,0,0,0,0,0,0,0,0,0,0,0,0,0,0,0,0
npc_senarioAT_4_1634445301.566214_b8,npc_senarioAT_4,T,B,L,R,O,R,N,162.487,65.6554,False,100,24.0,60.0,8.0,48.0,34.0,44.0,25.0,19.0,39.0,32.0,33.0,3,3,3,6.0,12.0,14.0,45.0,42.0,44.0,50.0,遠藤拓也,5,4,0,0,0,0,0,0,1,0,0,0,1,0,1,0,0,8,0,0,0,0,0,0,0,0,0,0,0,0,0,0,0,0,0,0,0,0,0,0,0,0,0,0,0,0,0,0,0,0,0,0,0,0,0
npc_senarioAT_4_1634445301.5862138_b9,npc_senarioAT_4,H,B,R,R,O,F,N,169.646,63.9745,False,100,27.0,56.0,5.0,52.0,26.0,38.0,40.0,25.0,46.0,47.0,36.0,1,2,0,13.0,11.0,2.0,53.0,36.0,49.0,56.0,山田政男,5,4,2,2,0,0,0,2,2,0,0,0,1,0,0,1,0,6,1,0,0,0,2,1,1,0,0,0,0,0,0,0,0,0,0,0,0,0,0,0,0,0,0,0,0,0,0,0,0,0,0,0,0,0,0
npc_senarioAT_5_1634445321.6438422_p1,npc_senarioAT_5,T,P,L,L,OS,R,N,169.794,78.1494,False,100,30.0,65.0,45.0,18.0,42.0,20.0,23.0,19.0,36.0,61.0,45.0,2,4,0,4.0,1.0,10.0,46.0,54.0,56.0,48.0,中村忠義,2,1,0,0,0,0,0,0,0,0,0,0,1,0,0,0,0,4,0,0,0,0,0,0,0,0,49,35,15,10,2,0,3,26,14,14,20,0,1,13,0,6,1,0,5,9,16,12,2,0,0,0,0,0,0
npc_senarioAT_5_1634445321.6818414_p2,npc_senarioAT_5,B,P,R,R,O,F,N,177.215,81.9606,False,100,18.0,70.0,44.0,32.0,35.0,35.0,29.0,21.0,30.0,58.0,52.0,1,2,0,5.0,1.0,3.0,44.0,57.0,53.0,59.0,本間正之,6,6,1,1,0,0,0,1,0,0,0,0,0,0,0,0,0,3,0,0,0,1,1,1,1,0,51,38,9,8,0,0,1,12,10,11,28,0,0,13,0,6,1,0,7,13,16,14,2,0,0,0,0,0,0
npc_senarioAT_5_1634445321.7218435_b1,npc_senarioAT_5,B,B,R,L,O,F,N,174.523,62.7505,False,100,38.0,70.0,45.0,20.0,43.0,29.0,27.0,25.0,26.0,64.0,61.0,1,3,0,16.0,16.0,3.0,53.0,47.0,47.0,48.0,豊明貢,9,7,1,1,0,0,0,1,1,0,0,1,1,0,1,0,0,21,0,0,0,0,1,1,1,0,0,0,0,0,0,0,0,0,0,0,0,0,0,0,0,0,0,0,0,0,0,0,0,0,0,0,0,0,0
npc_senarioAT_5_1634445321.7558382_b2,npc_senarioAT_5,B,B,R,L,O,C,N,166.0,62.0,False,100,22.0,70.0,47.0,25.0,47.0,14.0,22.0,19.0,34.0,64.0,46.0,2,3,0,6.0,15.0,1.0,44.0,42.0,50.0,51.0,鳥羽和幸,10,8,0,0,0,0,0,0,0,0,0,0,2,0,2,0,0,8,0,0,0,0,1,1,1,0,0,0,0,0,0,0,0,0,0,0,0,0,0,0,0,0,0,0,0,0,0,0,0,0,0,0,0,0,0
npc_senarioAT_5_1634445321.7758374_b3,npc_senarioAT_5,H,B,R,R,O,R,N,168.082,65.9875,False,100,25.0,70.0,46.0,25.0,33.0,40.0,32.0,24.0,21.0,58.0,52.0,1,4,0,4.0,3.0,8.0,42.0,47.0,55.0,42.0,山下蓮,8,6,0,0,0,0,0,0,0,0,0,0,2,0,2,0,0,0,0,0,0,1,0,3,2,0,0,0,0,0,0,0,0,0,0,0,0,0,0,0,0,0,0,0,0,0,0,0,0,0,0,0,0,0,0
npc_senarioAT_5_1634445321.7948387_b4,npc_senarioAT_5,T,B,R,L,O,R,N,173.688,71.0483,False,100,35.0,70.0,48.0,13.0,51.0,32.0,19.0,17.0,27.0,61.0,46.0,4,4,3,7.0,1.0,1.0,58.0,54.0,57.0,47.0,阿部咲良,0,0,0,0,0,0,0,0,0,0,0,0,0,0,0,0,0,0,0,0,0,0,0,0,0,0,0,0,0,0,0,0,0,0,0,0,0,0,0,0,0,0,0,0,0,0,0,0,0,0,0,0,0,0,0
npc_senarioAT_5_1634445321.8118393_b5,npc_senarioAT_5,H,B,L,L,O,F,N,170.024,46.1599,False,100,29.0,70.0,45.0,23.0,32.0,27.0,29.0,24.0,29.0,56.0,49.0,2,3,0,1.0,1.0,13.0,49.0,44.0,55.0,51.0,山口涼太,8,6,0,0,0,0,0,0,0,1,0,0,2,0,1,0,1,5,0,0,0,0,0,5,4,0,0,0,0,0,0,0,0,0,0,0,0,0,0,0,0,0,0,0,0,0,0,0,0,0,0,0,0,0,0
npc_senarioAT_5_1634445321.8298767_b6,npc_senarioAT_5,B,B,L,L,O,R,N,170.383,58.1187,False,100,34.0,70.0,55.0,32.0,36.0,31.0,25.0,22.0,34.0,64.0,51.0,4,3,0,6.0,6.0,4.0,52.0,57.0,63.0,58.0,上福岡一,10,6,1,1,0,0,0,1,1,1,0,0,4,0,3,0,0,12,1,0,0,0,1,3,1,0,0,0,0,0,0,0,0,0,0,0,0,0,0,0,0,0,0,0,0,0,0,0,0,0,0,0,0,0,0
npc_senarioAT_5_1634445321.8478465_b7,npc_senarioAT_5,T,B,R,L,O,C,N,167.963,75.4864,False,100,18.0,70.0,52.0,13.0,40.0,24.0,33.0,21.0,36.0,70.0,46.0,3,2,0,14.0,9.0,5.0,54.0,43.0,43.0,51.0,高橋秀男,9,8,2,2,0,0,0,2,1,0,0,0,1,0,0,2,0,12,0,0,0,1,1,1,1,0,0,0,0,0,0,0,0,0,0,0,0,0,0,0,0,0,0,0,0,0,0,0,0,0,0,0,0,0,0
npc_senarioAT_5_1634445321.8658397_b8,npc_senarioAT_5,H,B,R,L,O,F,N,167.451,55.19,False,100,25.0,70.0,48.0,29.0,28.0,20.0,29.0,13.0,35.0,49.0,52.0,1,5,0,1.0,2.0,8.0,40.0,54.0,53.0,53.0,東京久,9,7,1,1,0,0,0,1,0,0,0,0,2,0,1,0,0,18,2,0,0,1,1,2,2,0,0,0,0,0,0,0,0,0,0,0,0,0,0,0,0,0,0,0,0,0,0,0,0,0,0,0,0,0,0
npc_senarioAT_5_1634445321.8838758_b9,npc_senarioAT_5,H,B,R,L,O,R,N,174.32,58.125,False,100,26.0,69.0,54.0,25.0,42.0,27.0,33.0,31.0,30.0,59.0,54.0,2,3,0,1.0,1.0,1.0,47.0,52.0,57.0,52.0,久喜正則,9,8,3,3,0,0,0,3,0,1,0,0,1,0,0,0,0,7,1,0,0,1,1,2,2,0,0,0,0,0,0,0,0,0,0,0,0,0,0,0,0,0,0,0,0,0,0,0,0,0,0,0,0,0,0
npc_senarioDEF_1_1634442446.7372549_p1,npc_senarioDEF_1,H,P,R,L,OS,C,N,179.389,49.6787,False,100,35.0,36.0,19.0,32.0,19.0,28.0,19.0,18.0,23.0,31.0,26.0,3,1,0,10.0,10.0,1.0,15.0,18.0,18.0,26.0,岡本久夫,9,8,0,0,0,0,0,0,0,1,0,0,1,0,1,0,0,4,0,0,0,0,1,1,1,0,99,80,29,19,1,1,8,56,18,23,52,0,0,19,0,6,4,0,12,19,27,24,4,0,0,0,0,0,0
npc_senarioDEF_1_1634442446.832234_p2,npc_senarioDEF_1,B,P,R,R,OS,R,N,171.629,76.6539,False,100,22.0,28.0,21.0,19.0,16.0,23.0,17.0,15.0,20.0,40.0,40.0,2,4,0,7.0,6.0,20.0,26.0,19.0,9.0,13.0,宇治山義信,10,7,1,1,0,0,0,1,1,1,0,0,3,0,0,0,0,4,1,0,0,0,1,1,1,0,76,60,15,11,1,0,3,25,9,15,44,2,0,14,0,6,5,0,5,11,22,19,5,0,1,0,0,0,0
npc_senarioDEF_1_1634442446.8582342_b1,npc_senarioDEF_1,T,B,R,L,O,R,D,175.924,56.3055,False,100,34.0,37.0,13.0,25.0,25.0,26.0,26.0,19.0,19.0,24.0,41.0,5,2,0,8.0,11.0,7.0,13.0,18.0,22.0,28.0,衛藤玲奈,23,20,2,2,0,0,0,2,1,1,0,0,3,0,3,1,1,15,2,0,0,6,2,3,2,0,0,0,0,0,0,0,0,0,0,0,0,0,0,0,0,0,0,0,0,0,0,0,0,0,0,0,0,0,0
npc_senarioDEF_1_1634442446.880233_b2,npc_senarioDEF_1,B,B,R,L,O,R,U,166.41,67.3933,False,100,27.0,26.0,26.0,14.0,9.0,17.0,30.0,22.0,19.0,33.0,43.0,2,1,0,13.0,1.0,8.0,18.0,6.0,20.0,12.0,鹿児島春雄,20,16,0,0,0,0,0,0,1,1,0,0,4,0,2,0,0,43,3,0,0,1,2,5,4,0,0,0,0,0,0,0,0,0,0,0,0,0,0,0,0,0,0,0,0,0,0,0,0,0,0,0,0,0,0
npc_senarioDEF_1_1634442446.900234_b3,npc_senarioDEF_1,H,B,R,R,O,R,N,175.858,49.0314,False,100,28.0,23.0,20.0,24.0,14.0,29.0,23.0,17.0,19.0,40.0,37.0,3,4,0,23.0,22.0,10.0,11.0,25.0,23.0,11.0,宇部昭雄,20,19,8,7,0,0,1,11,6,1,0,0,1,0,0,2,1,21,3,0,0,2,7,6,6,0,0,0,0,0,0,0,0,0,0,0,0,0,0,0,0,0,0,0,0,0,0,0,0,0,0,0,0,0,0
npc_senarioDEF_1_1634442446.9212334_b4,npc_senarioDEF_1,T,B,R,R,O,R,U,179.889,69.9578,False,100,32.0,31.0,21.0,13.0,17.0,27.0,22.0,22.0,12.0,37.0,36.0,1,1,2,7.0,5.0,9.0,16.0,20.0,19.0,24.0,白石正三,0,0,0,0,0,0,0,0,0,0,0,0,0,0,0,0,0,0,0,0,0,0,0,0,0,0,0,0,0,0,0,0,0,0,0,0,0,0,0,0,0,0,0,0,0,0,0,0,0,0,0,0,0,0,0
npc_senarioDEF_1_1634442446.9452338_b5,npc_senarioDEF_1,T,B,R,L,O,F,N,175.0,81.0,False,100,39.0,28.0,18.0,20.0,18.0,30.0,27.0,20.0,20.0,51.0,32.0,4,1,0,13.0,7.0,14.0,23.0,21.0,25.0,19.0,笠間武夫,20,16,1,1,0,0,0,1,0,0,0,0,4,0,1,0,0,2,0,0,0,3,1,3,3,0,0,0,0,0,0,0,0,0,0,0,0,0,0,0,0,0,0,0,0,0,0,0,0,0,0,0,0,0,0
npc_senarioDEF_1_1634442446.9652328_b6,npc_senarioDEF_1,B,B,R,L,O,R,N,174.681,66.6705,False,100,33.0,19.0,22.0,16.0,18.0,20.0,23.0,22.0,26.0,36.0,32.0,4,1,0,3.0,6.0,19.0,21.0,15.0,25.0,30.0,浜田純一,22,18,2,2,0,0,0,2,0,2,0,0,4,0,4,1,0,55,2,0,0,1,4,5,3,0,0,0,0,0,0,0,0,0,0,0,0,0,0,0,0,0,0,0,0,0,0,0,0,0,0,0,0,0,0
npc_senarioDEF_1_1634442446.9862342_b7,npc_senarioDEF_1,H,B,R,L,O,F,D,163.236,49.1581,False,100,37.0,25.0,10.0,22.0,13.0,27.0,28.0,17.0,19.0,33.0,33.0,1,2,0,9.0,12.0,4.0,19.0,23.0,15.0,20.0,小郡勝彦,20,20,2,2,0,0,0,2,1,1,0,0,0,0,4,1,1,11,1,0,0,0,2,4,4,0,0,0,0,0,0,0,0,0,0,0,0,0,0,0,0,0,0,0,0,0,0,0,0,0,0,0,0,0,0
npc_senarioDEF_1_1634442447.0072327_b8,npc_senarioDEF_1,T,B,R,L,O,C,D,164.536,54.5878,False,100,26.0,29.0,18.0,29.0,21.0,21.0,26.0,15.0,21.0,34.0,35.0,1,2,0,26.0,11.0,18.0,13.0,30.0,18.0,18.0,石川寛,22,18,3,2,1,0,0,4,1,1,0,0,4,0,4,0,1,62,1,0,0,1,3,5,5,0,0,0,0,0,0,0,0,0,0,0,0,0,0,0,0,0,0,0,0,0,0,0,0,0,0,0,0,0,0
npc_senarioDEF_1_1634442447.0282328_b9,npc_senarioDEF_1,H,B,R,R,O,R,N,172.13,52.5687,False,100,27.0,25.0,13.0,13.0,18.0,30.0,32.0,14.0,18.0,41.0,43.0,4,5,0,9.0,9.0,1.0,20.0,19.0,23.0,26.0,狭山正則,19,17,2,2,0,0,0,2,0,1,0,0,2,0,1,2,0,40,2,0,0,2,3,1,1,0,0,0,0,0,0,0,0,0,0,0,0,0,0,0,0,0,0,0,0,0,0,0,0,0,0,0,0,0,0
npc_senarioDEF_2_1634442536.202543_p1,npc_senarioDEF_2,H,P,R,R,O,F,N,174.307,68.2253,False,100,32.0,30.0,23.0,22.0,35.0,19.0,29.0,38.0,14.0,38.0,31.0,5,2,0,13.0,20.0,10.0,34.0,35.0,40.0,32.0,行方義夫,4,4,1,0,0,0,1,4,2,0,0,0,0,0,0,1,0,2,0,0,0,0,0,2,2,0,41,31,7,3,2,0,2,15,6,6,26,0,0,10,0,6,0,0,2,6,12,11,2,0,0,0,0,0,0
npc_senarioDEF_2_1634442536.2575207_p2,npc_senarioDEF_2,H,P,L,R,O,F,N,169.0,77.0,False,100,34.0,26.0,27.0,22.0,19.0,19.0,42.0,34.0,17.0,39.0,33.0,5,4,0,11.0,19.0,18.0,19.0,40.0,26.0,31.0,渡辺学,4,4,0,0,0,0,0,0,0,0,0,0,0,0,2,0,1,3,0,0,0,0,0,2,1,0,40,32,7,1,1,0,5,23,7,9,22,1,0,7,0,3,4,0,0,3,5,4,2,0,0,0,0,0,0
npc_senarioDEF_2_1634442536.2805226_p3,npc_senarioDEF_2,H,P,R,R,OS,F,N,179.894,51.8727,False,100,30.0,35.0,26.0,14.0,29.0,27.0,25.0,44.0,24.0,33.0,30.0,2,2,5,16.0,8.0,8.0,32.0,36.0,32.0,32.0,高橋久雄,0,0,0,0,0,0,0,0,0,0,0,0,0,0,0,0,0,0,0,0,0,0,0,0,0,0,5,1,0,0,0,0,0,0,1,1,1,0,0,4,0,0,0,0,0,0,1,1,1,0,0,0,0,0,0
npc_senarioDEF_2_1634442536.3015237_b1,npc_senarioDEF_2,B,B,R,R,O,C,N,167.543,57.67,False,100,30.0,24.0,31.0,19.0,27.0,25.0,36.0,44.0,29.0,38.0,43.0,3,1,0,7.0,19.0,22.0,26.0,22.0,35.0,24.0,唐津ひかり,9,7,1,1,0,0,0,1,0,1,0,0,2,0,1,0,0,12,0,0,0,1,1,2,2,0,0,0,0,0,0,0,0,0,0,0,0,0,0,0,0,0,0,0,0,0,0,0,0,0,0,0,0,0,0
npc_senarioDEF_2_1634442536.3225222_b2,npc_senarioDEF_2,B,B,R,R,O,F,N,173.644,68.4744,False,100,28.0,24.0,38.0,27.0,23.0,33.0,24.0,43.0,19.0,35.0,33.0,2,2,1,11.0,19.0,9.0,29.0,43.0,30.0,30.0,渡辺三郎,0,0,0,0,0,0,0,0,0,0,0,0,0,0,0,0,0,0,0,0,0,0,0,0,0,0,0,0,0,0,0,0,0,0,0,0,0,0,0,0,0,0,0,0,0,0,0,0,0,0,0,0,0,0,0
npc_senarioDEF_2_1634442536.3435214_b3,npc_senarioDEF_2,H,B,R,R,O,F,N,165.586,51.8055,False,100,40.0,32.0,34.0,31.0,29.0,31.0,32.0,41.0,19.0,35.0,40.0,3,4,0,17.0,9.0,13.0,28.0,26.0,28.0,35.0,西都正明,0,0,0,0,0,0,0,0,0,0,0,0,0,0,0,0,0,0,0,0,0,0,0,0,0,0,0,0,0,0,0,0,0,0,0,0,0,0,0,0,0,0,0,0,0,0,0,0,0,0,0,0,0,0,0
npc_senarioDEF_2_1634442536.3655229_b4,npc_senarioDEF_2,T,B,R,L,O,F,U,161.514,71.0804,False,100,30.0,24.0,26.0,17.0,28.0,33.0,17.0,46.0,22.0,32.0,28.0,4,1,0,18.0,10.0,17.0,33.0,25.0,31.0,39.0,上越勝,0,0,0,0,0,0,0,0,0,0,0,0,0,0,0,0,0,0,0,0,0,0,0,0,0,0,0,0,0,0,0,0,0,0,0,0,0,0,0,0,0,0,0,0,0,0,0,0,0,0,0,0,0,0,0
npc_senarioDEF_2_1634442536.3885214_b5,npc_senarioDEF_2,H,B,R,R,O,F,N,169.807,69.0172,False,100,26.0,26.0,28.0,17.0,34.0,40.0,30.0,52.0,22.0,40.0,32.0,3,5,0,17.0,11.0,13.0,31.0,30.0,27.0,32.0,岩出ひかり,9,7,2,2,0,0,0,2,2,0,0,0,2,0,1,0,0,1,0,0,0,1,2,2,2,0,0,0,0,0,0,0,0,0,0,0,0,0,0,0,0,0,0,0,0,0,0,0,0,0,0,0,0,0,0
npc_senarioDEF_2_1634442536.4085252_b6,npc_senarioDEF_2,B,B,R,L,O,F,N,173.0,58.0,False,100,38.0,34.0,26.0,19.0,31.0,23.0,27.0,44.0,20.0,40.0,33.0,4,4,5,15.0,7.0,18.0,32.0,40.0,32.0,30.0,井上良一,9,8,2,2,0,0,0,2,0,1,0,0,1,0,0,1,1,2,0,0,0,1,1,5,5,0,0,0,0,0,0,0,0,0,0,0,0,0,0,0,0,0,0,0,0,0,0,0,0,0,0,0,0,0,0
npc_senarioDEF_2_1634442536.4305246_b7,npc_senarioDEF_2,H,B,L,L,O,F,U,164.783,43.0577,False,100,25.0,24.0,27.0,20.0,31.0,25.0,34.0,39.0,16.0,43.0,31.0,4,2,0,24.0,18.0,22.0,38.0,31.0,40.0,32.0,守谷浩一,9,8,3,2,0,0,1,6,4,1,0,0,1,0,3,0,0,8,0,0,0,2,0,5,3,0,0,0,0,0,0,0,0,0,0,0,0,0,0,0,0,0,0,0,0,0,0,0,0,0,0,0,0,0,0
npc_senarioDEF_2_1634442536.452522_b8,npc_senarioDEF_2,T,B,R,R,O,R,N,163.0,72.0,False,100,37.0,42.0,38.0,25.0,25.0,18.0,36.0,47.0,22.0,28.0,39.0,5,2,0,10.0,20.0,17.0,35.0,34.0,37.0,34.0,日高亨,10,10,1,1,0,0,0,1,0,1,0,0,0,0,1,1,0,5,0,0,0,0,1,2,2,0,0,0,0,0,0,0,0,0,0,0,0,0,0,0,0,0,0,0,0,0,0,0,0,0,0,0,0,0,0
npc_senarioDEF_2_1634442536.474524_b9,npc_senarioDEF_2,H,B,R,L,O,C,N,163.062,60.6172,False,100,33.0,38.0,30.0,22.0,31.0,26.0,31.0,49.0,23.0,44.0,31.0,1,4,0,21.0,19.0,6.0,30.0,25.0,27.0,37.0,下野輝夫,9,5,4,4,0,0,0,4,2,2,0,0,4,0,0,0,0,3,1,0,0,1,2,2,2,0,0,0,0,0,0,0,0,0,0,0,0,0,0,0,0,0,0,0,0,0,0,0,0,0,0,0,0,0,0
npc_senarioDEF_2_1634442536.4965217_b10,npc_senarioDEF_2,T,B,R,L,O,C,N,156.175,55.0657,False,100,31.0,29.0,37.0,22.0,32.0,26.0,36.0,38.0,27.0,40.0,34.0,5,2,0,12.0,17.0,23.0,40.0,30.0,39.0,29.0,浜松琴音,10,10,0,0,0,0,0,0,0,0,0,0,0,0,1,0,0,16,0,0,0,0,2,2,2,0,0,0,0,0,0,0,0,0,0,0,0,0,0,0,0,0,0,0,0,0,0,0,0,0,0,0,0,0,0
npc_senarioDEF_2_1634442536.5165222_b11,npc_senarioDEF_2,B,B,R,R,O,C,N,170.004,41.2724,False,100,34.0,28.0,35.0,31.0,28.0,32.0,29.0,35.0,20.0,41.0,34.0,4,4,2,16.0,14.0,25.0,33.0,30.0,23.0,23.0,石井優太,10,9,3,3,0,0,0,3,0,2,0,0,1,0,1,0,0,30,1,0,0,2,3,2,1,0,0,0,0,0,0,0,0,0,0,0,0,0,0,0,0,0,0,0,0,0,0,0,0,0,0,0,0,0,0
npc_senarioDEF_3_1634442564.0215588_p1,npc_senarioDEF_3,H,P,L,L,OS,R,N,176.399,60.2887,False,100,35.0,21.0,31.0,23.0,39.0,19.0,33.0,39.0,19.0,30.0,47.0,5,3,0,20.0,25.0,19.0,55.0,64.0,43.0,45.0,加藤幸男,1,1,0,0,0,0,0,0,0,0,0,0,0,0,0,0,0,0,0,0,0,0,0,1,1,0,3,2,1,0,1,0,0,2,0,0,3,1,0,0,0,0,0,0,0,1,1,1,1,0,0,0,0,0,0
npc_senarioDEF_3_1634442564.0435672_p2,npc_senarioDEF_3,H,P,R,R,O,C,N,182.878,56.633,False,100,44.0,27.0,28.0,17.0,31.0,29.0,39.0,30.0,18.0,33.0,48.0,4,2,0,17.0,20.0,25.0,44.0,56.0,52.0,42.0,大洲猛,3,2,0,0,0,0,0,0,0,0,0,0,1,0,0,0,0,0,0,0,0,0,0,0,0,0,32,23,3,2,0,0,1,6,4,4,21,1,0,8,0,10,0,0,1,1,6,3,1,0,0,0,0,0,0
npc_senarioDEF_3_1634442564.0655582_b1,npc_senarioDEF_3,T,B,L,L,O,R,N,168.726,68.2671,False,100,33.0,27.0,31.0,14.0,37.0,13.0,41.0,44.0,29.0,32.0,37.0,4,4,3,14.0,19.0,19.0,42.0,51.0,52.0,48.0,勝部強,4,4,1,1,0,0,0,1,0,1,0,0,0,0,1,0,0,13,0,0,0,0,0,1,0,0,0,0,0,0,0,0,0,0,0,0,0,0,0,0,0,0,0,0,0,0,0,0,0,0,0,0,0,0,0
npc_senarioDEF_3_1634442564.0865571_b2,npc_senarioDEF_3,T,B,R,R,O,F,N,153.98,68.7598,False,100,31.0,25.0,30.0,22.0,39.0,12.0,30.0,31.0,16.0,24.0,31.0,3,2,0,23.0,13.0,18.0,46.0,49.0,53.0,45.0,大野信義,4,3,0,0,0,0,0,0,0,1,0,0,1,0,0,0,0,1,0,0,0,0,0,0,0,0,0,0,0,0,0,0,0,0,0,0,0,0,0,0,0,0,0,0,0,0,0,0,0,0,0,0,0,0,0
npc_senarioDEF_3_1634442564.1105592_b3,npc_senarioDEF_3,B,B,R,R,O,R,N,170.661,78.3917,False,100,31.0,10.0,24.0,13.0,41.0,20.0,43.0,41.0,24.0,30.0,42.0,5,4,0,13.0,16.0,25.0,39.0,44.0,47.0,49.0,前原要,4,3,1,1,0,0,0,1,1,0,0,0,1,0,0,0,0,1,0,0,0,0,0,1,1,0,0,0,0,0,0,0,0,0,0,0,0,0,0,0,0,0,0,0,0,0,0,0,0,0,0,0,0,0,0
npc_senarioDEF_3_1634442564.1315572_b4,npc_senarioDEF_3,H,B,L,R,O,C,N,165.431,64.6667,False,100,36.0,25.0,30.0,11.0,34.0,19.0,38.0,50.0,23.0,31.0,53.0,5,3,0,24.0,19.0,17.0,51.0,43.0,49.0,42.0,名張清美,4,4,0,0,0,0,0,0,1,0,0,0,0,0,1,0,0,6,0,0,0,1,0,1,1,0,0,0,0,0,0,0,0,0,0,0,0,0,0,0,0,0,0,0,0,0,0,0,0,0,0,0,0,0,0
npc_senarioDEF_3_1634442564.1525574_b5,npc_senarioDEF_3,T,B,R,L,O,F,N,171.099,63.3534,False,100,31.0,37.0,22.0,9.0,35.0,24.0,44.0,32.0,23.0,39.0,51.0,2,1,0,32.0,18.0,30.0,51.0,48.0,50.0,47.0,加世田駿,0,0,0,0,0,0,0,0,0,0,0,0,0,0,0,0,0,0,0,0,0,0,0,0,0,0,0,0,0,0,0,0,0,0,0,0,0,0,0,0,0,0,0,0,0,0,0,0,0,0,0,0,0,0,0
npc_senarioDEF_3_1634442564.1735516_b6,npc_senarioDEF_3,T,B,R,R,O,C,N,166.094,69.5329,False,100,41.0,23.0,19.0,19.0,37.0,17.0,37.0,39.0,18.0,36.0,54.0,1,2,0,10.0,16.0,2.0,38.0,50.0,53.0,52.0,陸奥武男,4,4,1,1,0,0,0,1,0,0,0,0,0,0,0,0,0,2,0,0,0,0,0,2,2,0,0,0,0,0,0,0,0,0,0,0,0,0,0,0,0,0,0,0,0,0,0,0,0,0,0,0,0,0,0
npc_senarioDEF_3_1634442564.1945572_b7,npc_senarioDEF_3,T,B,R,R,O,F,N,164.089,66.262,False,100,41.0,26.0,18.0,18.0,29.0,33.0,33.0,40.0,18.0,28.0,44.0,3,4,0,24.0,24.0,16.0,54.0,48.0,41.0,41.0,守口愛,4,3,0,0,0,0,0,0,0,0,0,0,1,0,0,0,0,1,0,0,0,0,0,0,0,0,0,0,0,0,0,0,0,0,0,0,0,0,0,0,0,0,0,0,0,0,0,0,0,0,0,0,0,0,0
npc_senarioDEF_3_1634442564.2155573_b8,npc_senarioDEF_3,H,B,R,R,O,C,N,168.0,71.0,False,100,31.0,34.0,32.0,15.0,28.0,22.0,39.0,29.0,25.0,26.0,40.0,2,1,0,17.0,20.0,15.0,41.0,48.0,50.0,47.0,中村五郎,4,4,0,0,0,0,0,0,0,0,0,0,0,0,2,0,0,3,0,0,0,0,0,0,0,0,0,0,0,0,0,0,0,0,0,0,0,0,0,0,0,0,0,0,0,0,0,0,0,0,0,0,0,0,0
npc_senarioDEF_3_1634442564.2365592_b9,npc_senarioDEF_3,H,B,R,L,O,F,N,174.404,41.933,False,100,32.0,26.0,24.0,22.0,34.0,19.0,39.0,30.0,20.0,33.0,43.0,4,1,0,28.0,30.0,18.0,52.0,64.0,52.0,50.0,田中春男,4,4,2,2,0,0,0,2,0,0,0,0,0,0,0,0,0,0,0,0,0,0,1,1,1,0,0,0,0,0,0,0,0,0,0,0,0,0,0,0,0,0,0,0,0,0,0,0,0,0,0,0,0,0,0
npc_senarioDEF_4_1634442598.166046_p1,npc_senarioDEF_4,B,P,R,R,O,R,N,171.0,59.0,False,100,35.0,28.0,50.0,20.0,23.0,14.0,44.0,22.0,18.0,47.0,34.0,4,1,0,9.0,13.0,15.0,27.0,23.0,18.0,27.0,桜川晃,2,2,0,0,0,0,0,0,0,0,0,0,0,0,0,0,0,0,0,0,0,0,0,1,1,0,23,16,7,6,1,0,0,8,5,5,11,1,0,6,0,1,0,0,1,4,6,6,1,0,0,0,0,0,0
npc_senarioDEF_4_1634442598.1850173_p2,npc_senarioDEF_4,B,P,R,R,OS,F,N,166.427,56.3278,False,100,27.0,33.0,43.0,18.0,29.0,30.0,43.0,15.0,33.0,33.0,29.0,1,2,0,17.0,19.0,16.0,28.0,28.0,15.0,31.0,河内太一,2,2,0,0,0,0,0,0,0,0,0,0,0,0,0,0,0,0,0,0,0,1,0,0,0,0,21,16,3,3,0,0,0,3,0,0,13,1,0,4,0,1,1,0,2,2,8,7,1,0,0,0,0,0,0
npc_senarioDEF_4_1634442598.2090108_b1,npc_senarioDEF_4,T,B,R,L,O,C,N,168.187,63.2311,False,100,24.0,28.0,34.0,28.0,25.0,27.0,52.0,26.0,21.0,41.0,42.0,2,5,0,14.0,13.0,13.0,16.0,29.0,34.0,28.0,新潟一美,4,4,1,1,0,0,0,1,0,0,0,0,0,0,1,1,0,2,1,0,0,1,0,0,0,0,0,0,0,0,0,0,0,0,0,0,0,0,0,0,0,0,0,0,0,0,0,0,0,0,0,0,0,0,0
npc_senarioDEF_4_1634442598.2330172_b2,npc_senarioDEF_4,H,B,R,R,O,F,N,173.318,61.7001,False,100,34.0,34.0,50.0,15.0,28.0,29.0,47.0,19.0,34.0,33.0,27.0,3,3,5,19.0,12.0,8.0,32.0,25.0,25.0,23.0,古賀真,4,3,0,0,0,0,0,0,0,0,0,0,1,0,1,0,0,18,2,0,0,0,0,1,1,0,0,0,0,0,0,0,0,0,0,0,0,0,0,0,0,0,0,0,0,0,0,0,0,0,0,0,0,0,0
npc_senarioDEF_4_1634442598.2530148_b3,npc_senarioDEF_4,T,B,R,R,O,R,N,165.712,58.8162,False,100,24.0,34.0,42.0,13.0,21.0,30.0,54.0,21.0,24.0,34.0,28.0,1,3,0,11.0,20.0,17.0,28.0,26.0,32.0,19.0,丸亀優太,4,4,0,0,0,0,0,0,0,0,0,0,0,0,0,0,0,9,1,0,0,0,0,1,1,0,0,0,0,0,0,0,0,0,0,0,0,0,0,0,0,0,0,0,0,0,0,0,0,0,0,0,0,0,0
npc_senarioDEF_4_1634442598.2710152_b4,npc_senarioDEF_4,T,B,R,R,O,F,U,172.952,66.6845,False,100,26.0,31.0,51.0,16.0,15.0,28.0,52.0,10.0,22.0,45.0,28.0,4,4,1,14.0,14.0,22.0,23.0,28.0,22.0,31.0,長谷川拓海,0,0,0,0,0,0,0,0,0,0,0,0,0,0,0,0,0,0,0,0,0,0,0,0,0,0,0,0,0,0,0,0,0,0,0,0,0,0,0,0,0,0,0,0,0,0,0,0,0,0,0,0,0,0,0
npc_senarioDEF_4_1634442598.2900093_b5,npc_senarioDEF_4,T,B,R,R,O,R,N,173.21,66.0634,False,100,27.0,30.0,53.0,21.0,18.0,35.0,45.0,21.0,21.0,35.0,32.0,5,3,0,10.0,5.0,25.0,24.0,28.0,28.0,29.0,清水諒,4,4,1,1,0,0,0,1,0,0,0,0,0,0,1,0,0,2,0,0,0,1,0,1,1,0,0,0,0,0,0,0,0,0,0,0,0,0,0,0,0,0,0,0,0,0,0,0,0,0,0,0,0,0,0
npc_senarioDEF_4_1634442598.3090155_b6,npc_senarioDEF_4,H,B,R,R,O,R,U,174.628,57.236,False,100,18.0,30.0,55.0,27.0,21.0,27.0,55.0,12.0,22.0,42.0,34.0,5,2,0,23.0,19.0,23.0,26.0,25.0,35.0,26.0,横手操,5,3,0,0,0,0,0,0,0,0,0,0,2,0,0,0,0,13,1,0,0,0,2,0,0,0,0,0,0,0,0,0,0,0,0,0,0,0,0,0,0,0,0,0,0,0,0,0,0,0,0,0,0,0,0
npc_senarioDEF_4_1634442598.3280158_b7,npc_senarioDEF_4,H,B,R,R,O,R,N,181.239,78.3701,False,100,26.0,38.0,45.0,26.0,16.0,14.0,45.0,25.0,24.0,42.0,33.0,3,2,0,8.0,20.0,15.0,19.0,29.0,30.0,19.0,高田哲雄,0,0,0,0,0,0,0,0,0,0,0,0,0,0,0,0,0,0,0,0,0,0,0,0,0,0,0,0,0,0,0,0,0,0,0,0,0,0,0,0,0,0,0,0,0,0,0,0,0,0,0,0,0,0,0
npc_senarioDEF_4_1634442598.3460155_b8,npc_senarioDEF_4,H,B,R,L,O,R,N,172.932,67.1623,False,100,23.0,32.0,40.0,16.0,22.0,15.0,46.0,26.0,29.0,38.0,36.0,1,3,0,12.0,21.0,20.0,26.0,26.0,28.0,25.0,小野寺秀夫,4,3,0,0,0,0,0,0,0,0,0,0,1,0,2,0,0,7,1,0,0,0,1,2,1,0,0,0,0,0,0,0,0,0,0,0,0,0,0,0,0,0,0,0,0,0,0,0,0,0,0,0,0,0,0
npc_senarioDEF_4_1634442598.3640156_b9,npc_senarioDEF_4,T,B,R,R,O,F,N,170.392,53.2109,False,100,25.0,24.0,50.0,21.0,32.0,31.0,41.0,14.0,18.0,37.0,35.0,2,4,0,17.0,16.0,22.0,29.0,25.0,21.0,23.0,大津陸,5,4,1,1,0,0,0,1,0,0,0,0,1,0,0,0,0,3,0,0,0,0,1,0,0,0,0,0,0,0,0,0,0,0,0,0,0,0,0,0,0,0,0,0,0,0,0,0,0,0,0,0,0,0,0
npc_senarioDEF_4_1634442598.3820167_b10,npc_senarioDEF_4,B,B,R,L,O,R,N,151.0,55.0,False,100,34.0,26.0,48.0,21.0,23.0,34.0,53.0,26.0,13.0,41.0,33.0,4,1,0,18.0,16.0,6.0,24.0,22.0,33.0,22.0,御所貞雄,4,2,0,0,0,0,0,0,0,0,0,0,2,0,0,0,0,1,0,0,0,1,0,0,0,0,0,0,0,0,0,0,0,0,0,0,0,0,0,0,0,0,0,0,0,0,0,0,0,0,0,0,0,0,0
npc_senarioDEF_5_1634442621.5325875_p1,npc_senarioDEF_5,H,P,R,R,U,F,N,173.0,68.0,False,100,53.0,26.0,25.0,32.0,23.0,16.0,43.0,40.0,20.0,47.0,34.0,1,3,0,28.0,27.0,37.0,38.0,44.0,48.0,46.0,片山俊雄,5,4,0,0,0,0,0,0,0,0,0,0,1,0,1,0,1,3,0,0,0,0,0,1,1,0,46,38,4,3,0,0,1,7,3,3,33,0,0,8,0,14,1,0,6,1,6,5,3,0,0,0,0,0,0
npc_senarioDEF_5_1634442621.5866294_b1,npc_senarioDEF_5,H,B,R,R,O,R,N,169.046,60.9213,False,100,49.0,26.0,26.0,26.0,22.0,28.0,39.0,50.0,15.0,36.0,30.0,1,1,1,39.0,31.0,32.0,38.0,40.0,47.0,46.0,小林一彦,6,5,1,0,1,0,0,2,0,1,0,0,1,0,1,0,1,1,0,0,0,0,0,2,2,0,0,0,0,0,0,0,0,0,0,0,0,0,0,0,0,0,0,0,0,0,0,0,0,0,0,0,0,0,0
npc_senarioDEF_5_1634442621.6525934_b2,npc_senarioDEF_5,H,B,R,R,O,F,N,175.0,71.0,False,100,48.0,30.0,32.0,27.0,19.0,30.0,50.0,36.0,14.0,38.0,34.0,3,3,1,28.0,31.0,33.0,41.0,30.0,37.0,48.0,前田寿,8,7,1,1,0,0,0,1,2,0,0,0,1,0,0,0,0,6,0,0,0,0,2,4,4,0,0,0,0,0,0,0,0,0,0,0,0,0,0,0,0,0,0,0,0,0,0,0,0,0,0,0,0,0,0
npc_senarioDEF_5_1634442621.6985774_b3,npc_senarioDEF_5,T,B,R,L,O,R,N,172.518,71.4726,False,100,50.0,17.0,25.0,30.0,26.0,24.0,52.0,44.0,25.0,45.0,25.0,4,5,0,29.0,33.0,32.0,37.0,34.0,33.0,40.0,山本莉子,8,8,2,2,0,0,0,2,0,0,0,0,0,0,1,0,0,14,0,0,0,2,0,4,3,0,0,0,0,0,0,0,0,0,0,0,0,0,0,0,0,0,0,0,0,0,0,0,0,0,0,0,0,0,0
npc_senarioDEF_5_1634442621.7205744_b4,npc_senarioDEF_5,T,B,R,R,O,R,U,171.898,67.4061,False,100,52.0,27.0,13.0,25.0,20.0,23.0,39.0,40.0,15.0,45.0,34.0,4,2,0,28.0,37.0,26.0,45.0,35.0,39.0,50.0,鹿沼富夫,0,0,0,0,0,0,0,0,0,0,0,0,0,0,0,0,0,0,0,0,0,0,0,0,0,0,0,0,0,0,0,0,0,0,0,0,0,0,0,0,0,0,0,0,0,0,0,0,0,0,0,0,0,0,0
npc_senarioDEF_5_1634442621.7415755_b5,npc_senarioDEF_5,T,B,R,R,O,F,N,164.509,56.3189,False,100,55.0,23.0,18.0,24.0,22.0,32.0,55.0,40.0,16.0,49.0,32.0,3,5,0,32.0,36.0,25.0,35.0,43.0,50.0,45.0,佐々木梓,5,4,1,0,1,0,0,2,0,0,0,0,1,0,1,0,1,0,0,0,0,0,1,2,1,0,0,0,0,0,0,0,0,0,0,0,0,0,0,0,0,0,0,0,0,0,0,0,0,0,0,0,0,0,0
npc_senarioDEF_5_1634442621.762575_b6,npc_senarioDEF_5,H,B,R,R,O,F,N,167.968,57.7696,False,100,57.0,19.0,20.0,36.0,27.0,36.0,48.0,48.0,16.0,43.0,32.0,1,1,2,25.0,28.0,26.0,40.0,53.0,48.0,46.0,亀岡栄一,7,7,0,0,0,0,0,0,0,0,0,0,0,0,2,2,0,0,0,0,0,1,1,2,1,0,0,0,0,0,0,0,0,0,0,0,0,0,0,0,0,0,0,0,0,0,0,0,0,0,0,0,0,0,0
npc_senarioDEF_5_1634442621.7835748_b7,npc_senarioDEF_5,T,B,R,R,O,R,D,168.715,57.3637,False,100,45.0,28.0,21.0,24.0,21.0,30.0,42.0,48.0,15.0,41.0,25.0,3,4,0,32.0,32.0,30.0,42.0,46.0,46.0,38.0,明石寛,6,3,0,0,0,0,0,0,1,0,0,0,3,0,1,0,0,9,0,0,0,0,0,1,0,0,0,0,0,0,0,0,0,0,0,0,0,0,0,0,0,0,0,0,0,0,0,0,0,0,0,0,0,0,0
npc_senarioDEF_5_1634442621.8045745_b8,npc_senarioDEF_5,B,B,R,R,O,R,N,156.323,46.71,False,100,56.0,31.0,29.0,32.0,14.0,33.0,42.0,39.0,4.0,47.0,22.0,3,1,0,32.0,26.0,32.0,35.0,29.0,40.0,45.0,野々翔平,6,5,3,3,0,0,0,3,0,0,0,0,1,0,0,0,0,0,0,0,0,0,2,2,2,0,0,0,0,0,0,0,0,0,0,0,0,0,0,0,0,0,0,0,0,0,0,0,0,0,0,0,0,0,0
npc_senarioDEF_5_1634442621.8255749_b9,npc_senarioDEF_5,B,B,R,R,O,F,N,170.828,67.8363,False,100,47.0,23.0,23.0,32.0,24.0,31.0,36.0,50.0,10.0,41.0,31.0,4,1,0,40.0,21.0,35.0,43.0,43.0,52.0,35.0,恵那隆一,6,5,2,2,0,0,0,2,0,0,0,0,1,0,0,0,0,6,0,0,0,1,1,1,1,0,0,0,0,0,0,0,0,0,0,0,0,0,0,0,0,0,0,0,0,0,0,0,0,0,0,0,0,0,0
npc_senarioSP_1_1634446789.3808093_p1,npc_senarioSP_1,T,P,R,L,O,R,N,166.686,52.3932,False,100,41.0,36.0,23.0,17.0,30.0,21.0,42.0,41.0,17.0,21.0,29.0,4,3,0,9.0,18.0,15.0,32.0,37.0,36.0,45.0,西尾政男,2,2,0,0,0,0,0,0,0,0,0,0,0,0,1,0,0,2,0,0,0,0,0,0,0,0,30,23,6,5,1,0,0,7,5,6,16,0,0,7,0,1,1,0,3,6,11,10,0,0,0,0,0,0,0
npc_senarioSP_1_1634446789.4378045_p2,npc_senarioSP_1,H,P,R,R,O,R,N,167.521,67.2633,False,100,40.0,38.0,27.0,17.0,26.0,19.0,39.0,42.0,13.0,27.0,33.0,4,3,0,6.0,20.0,13.0,32.0,46.0,40.0,32.0,木村芳雄,2,1,0,0,0,0,0,0,0,0,1,0,0,0,0,0,0,1,0,0,0,1,0,1,1,0,20,17,8,8,0,0,0,8,4,4,8,0,0,3,0,2,1,0,5,5,10,8,0,0,0,0,0,0,0
npc_senarioSP_1_1634446789.503806_b1,npc_senarioSP_1,T,B,R,R,O,F,N,172.427,47.9217,False,100,36.0,25.0,21.0,13.0,29.0,14.0,43.0,38.0,13.0,17.0,35.0,1,3,0,8.0,13.0,16.0,48.0,39.0,34.0,37.0,糸島悠人,4,0,0,0,0,0,0,0,0,1,0,0,4,0,0,0,0,9,0,0,0,0,0,0,0,0,0,0,0,0,0,0,0,0,0,0,0,0,0,0,0,0,0,0,0,0,0,0,0,0,0,0,0,0,0
npc_senarioSP_1_1634446789.5538015_b2,npc_senarioSP_1,B,B,R,R,O,R,N,162.763,53.8087,False,100,35.0,41.0,30.0,11.0,23.0,16.0,45.0,41.0,11.0,22.0,32.0,2,3,0,10.0,9.0,15.0,39.0,44.0,43.0,42.0,渡辺正彦,0,0,0,0,0,0,0,0,0,0,0,0,0,0,0,0,0,0,0,0,0,0,0,0,0,0,0,0,0,0,0,0,0,0,0,0,0,0,0,0,0,0,0,0,0,0,0,0,0,0,0,0,0,0,0
npc_senarioSP_1_1634446789.5767996_b3,npc_senarioSP_1,H,B,R,R,O,F,U,167.369,67.5818,False,100,38.0,25.0,20.0,21.0,35.0,11.0,45.0,44.0,15.0,27.0,27.0,5,5,1,23.0,1.0,28.0,42.0,37.0,43.0,39.0,中村真一,4,3,0,0,0,0,0,0,0,0,0,0,1,0,2,0,0,2,0,0,0,0,0,2,1,0,0,0,0,0,0,0,0,0,0,0,0,0,0,0,0,0,0,0,0,0,0,0,0,0,0,0,0,0,0
npc_senarioSP_1_1634446789.5968025_b4,npc_senarioSP_1,T,B,R,L,O,F,N,169.127,59.4405,False,100,36.0,31.0,26.0,10.0,24.0,25.0,43.0,34.0,12.0,23.0,24.0,5,4,0,6.0,8.0,7.0,33.0,38.0,35.0,37.0,石川一美,4,4,0,0,0,0,0,0,0,0,0,0,0,0,0,0,0,1,0,0,0,1,0,1,1,0,0,0,0,0,0,0,0,0,0,0,0,0,0,0,0,0,0,0,0,0,0,0,0,0,0,0,0,0,0
npc_senarioSP_1_1634446789.6168005_b5,npc_senarioSP_1,T,B,R,R,O,R,N,172.391,50.1599,False,100,37.0,34.0,25.0,16.0,34.0,23.0,34.0,51.0,20.0,13.0,34.0,2,5,0,10.0,10.0,4.0,37.0,34.0,39.0,36.0,玉置真一,4,4,0,0,0,0,0,0,0,0,0,0,0,0,0,0,0,4,0,0,0,0,2,2,2,0,0,0,0,0,0,0,0,0,0,0,0,0,0,0,0,0,0,0,0,0,0,0,0,0,0,0,0,0,0
npc_senarioSP_1_1634446789.6388001_b6,npc_senarioSP_1,B,B,R,R,O,F,N,175.839,67.9706,False,100,39.0,30.0,30.0,19.0,22.0,11.0,37.0,40.0,24.0,19.0,29.0,5,1,0,2.0,16.0,1.0,45.0,47.0,36.0,45.0,諏訪輝夫,4,3,0,0,0,0,0,0,0,0,0,0,1,0,0,0,0,11,1,0,0,0,0,0,0,0,0,0,0,0,0,0,0,0,0,0,0,0,0,0,0,0,0,0,0,0,0,0,0,0,0,0,0,0,0
npc_senarioSP_1_1634446789.6578_b7,npc_senarioSP_1,H,B,R,R,O,F,N,174.765,54.3271,False,100,43.0,38.0,28.0,11.0,22.0,31.0,40.0,42.0,9.0,23.0,26.0,3,5,0,2.0,13.0,10.0,34.0,45.0,44.0,43.0,栃木和也,4,4,1,1,0,0,0,1,1,0,0,0,0,0,1,0,0,0,0,0,0,0,2,3,2,0,0,0,0,0,0,0,0,0,0,0,0,0,0,0,0,0,0,0,0,0,0,0,0,0,0,0,0,0,0
npc_senarioSP_1_1634446789.6787999_b8,npc_senarioSP_1,B,B,L,R,O,F,N,174.0,60.0,False,100,35.0,24.0,30.0,17.0,28.0,18.0,47.0,38.0,18.0,31.0,23.0,2,2,5,6.0,11.0,12.0,45.0,43.0,36.0,42.0,谷口二郎,4,4,0,0,0,0,0,0,0,0,0,0,0,0,1,0,0,10,0,0,0,0,0,1,1,0,0,0,0,0,0,0,0,0,0,0,0,0,0,0,0,0,0,0,0,0,0,0,0,0,0,0,0,0,0
npc_senarioSP_1_1634446789.6988003_b9,npc_senarioSP_1,T,B,R,R,O,C,U,174.473,54.8173,False,100,47.0,30.0,35.0,17.0,23.0,18.0,39.0,41.0,24.0,32.0,29.0,1,2,0,6.0,5.0,11.0,31.0,35.0,37.0,29.0,山口富夫,4,3,0,0,0,0,0,0,0,0,0,0,1,0,0,1,0,9,0,0,0,0,0,0,0,0,0,0,0,0,0,0,0,0,0,0,0,0,0,0,0,0,0,0,0,0,0,0,0,0,0,0,0,0,0
npc_senarioSP_2_1634446804.5589716_p1,npc_senarioSP_2,H,P,L,R,OS,F,N,173.0,58.0,False,100,61.0,58.0,25.0,22.0,52.0,11.0,16.0,29.0,20.0,1.0,53.0,1,2,0,12.0,8.0,9.0,36.0,42.0,47.0,35.0,長井一雄,0,0,0,0,0,0,0,0,0,0,0,0,0,0,0,0,0,0,0,0,0,0,0,0,0,0,0,0,0,0,0,0,0,0,0,0,0,0,0,0,0,0,0,0,0,0,0,0,0,0,0,0,0,0,0
npc_senarioSP_2_1634446804.6189742_b1,npc_senarioSP_2,B,B,R,R,O,F,D,180.018,79.2752,False,100,53.0,61.0,23.0,17.0,63.0,20.0,24.0,19.0,26.0,12.0,47.0,5,4,0,8.0,6.0,12.0,35.0,33.0,42.0,34.0,美濃愛,0,0,0,0,0,0,0,0,0,0,0,0,0,0,0,0,0,0,0,0,0,0,0,0,0,0,0,0,0,0,0,0,0,0,0,0,0,0,0,0,0,0,0,0,0,0,0,0,0,0,0,0,0,0,0
npc_senarioSP_2_1634446804.6559637_b2,npc_senarioSP_2,T,B,R,L,O,F,N,178.145,61.3657,False,100,62.0,61.0,25.0,30.0,62.0,10.0,18.0,23.0,26.0,5.0,49.0,2,5,0,12.0,14.0,18.0,45.0,37.0,40.0,37.0,和光信雄,0,0,0,0,0,0,0,0,0,0,0,0,0,0,0,0,0,0,0,0,0,0,0,0,0,0,0,0,0,0,0,0,0,0,0,0,0,0,0,0,0,0,0,0,0,0,0,0,0,0,0,0,0,0,0
npc_senarioSP_2_1634446804.6889648_b3,npc_senarioSP_2,T,B,L,L,O,R,D,171.798,44.5176,False,100,52.0,48.0,24.0,27.0,56.0,10.0,31.0,31.0,23.0,8.0,52.0,5,4,0,14.0,13.0,12.0,41.0,36.0,44.0,36.0,中村昭,0,0,0,0,0,0,0,0,0,0,0,0,0,0,0,0,0,0,0,0,0,0,0,0,0,0,0,0,0,0,0,0,0,0,0,0,0,0,0,0,0,0,0,0,0,0,0,0,0,0,0,0,0,0,0
npc_senarioSP_2_1634446804.7229657_b4,npc_senarioSP_2,H,B,R,R,O,F,N,170.298,48.8223,False,100,54.0,63.0,28.0,18.0,56.0,17.0,25.0,26.0,24.0,1.0,54.0,1,4,0,12.0,9.0,7.0,50.0,38.0,49.0,45.0,伊藤正義,0,0,0,0,0,0,0,0,0,0,0,0,0,0,0,0,0,0,0,0,0,0,0,0,0,0,0,0,0,0,0,0,0,0,0,0,0,0,0,0,0,0,0,0,0,0,0,0,0,0,0,0,0,0,0
npc_senarioSP_2_1634446804.7529635_b5,npc_senarioSP_2,H,B,R,R,O,F,N,169.513,56.6915,False,100,63.0,62.0,32.0,27.0,61.0,16.0,16.0,17.0,29.0,17.0,45.0,4,2,0,12.0,12.0,15.0,41.0,37.0,39.0,34.0,西宮英雄,0,0,0,0,0,0,0,0,0,0,0,0,0,0,0,0,0,0,0,0,0,0,0,0,0,0,0,0,0,0,0,0,0,0,0,0,0,0,0,0,0,0,0,0,0,0,0,0,0,0,0,0,0,0,0
npc_senarioSP_2_1634446804.7739635_b6,npc_senarioSP_2,B,B,L,L,O,R,N,165.068,69.2147,False,100,45.0,62.0,33.0,17.0,70.0,22.0,28.0,20.0,20.0,12.0,53.0,2,4,0,12.0,22.0,18.0,38.0,50.0,36.0,38.0,石川幹雄,0,0,0,0,0,0,0,0,0,0,0,0,0,0,0,0,0,0,0,0,0,0,0,0,0,0,0,0,0,0,0,0,0,0,0,0,0,0,0,0,0,0,0,0,0,0,0,0,0,0,0,0,0,0,0
npc_senarioSP_2_1634446804.7939637_b7,npc_senarioSP_2,T,B,R,L,O,C,D,174.479,58.065,False,100,53.0,48.0,33.0,25.0,51.0,3.0,27.0,29.0,31.0,10.0,54.0,2,5,0,14.0,11.0,12.0,49.0,43.0,41.0,41.0,佐藤空,0,0,0,0,0,0,0,0,0,0,0,0,0,0,0,0,0,0,0,0,0,0,0,0,0,0,0,0,0,0,0,0,0,0,0,0,0,0,0,0,0,0,0,0,0,0,0,0,0,0,0,0,0,0,0
npc_senarioSP_2_1634446804.8169677_b8,npc_senarioSP_2,T,B,R,R,O,R,N,166.904,46.3411,False,100,56.0,68.0,26.0,28.0,54.0,10.0,24.0,15.0,29.0,12.0,48.0,1,1,4,7.0,10.0,16.0,44.0,47.0,48.0,32.0,田中純一,0,0,0,0,0,0,0,0,0,0,0,0,0,0,0,0,0,0,0,0,0,0,0,0,0,0,0,0,0,0,0,0,0,0,0,0,0,0,0,0,0,0,0,0,0,0,0,0,0,0,0,0,0,0,0
npc_senarioSP_2_1634446804.837963_b9,npc_senarioSP_2,B,B,R,R,O,F,N,179.341,58.5284,False,100,66.0,62.0,26.0,18.0,53.0,11.0,31.0,22.0,28.0,9.0,52.0,4,1,0,14.0,12.0,4.0,50.0,33.0,40.0,38.0,中村勇,0,0,0,0,0,0,0,0,0,0,0,0,0,0,0,0,0,0,0,0,0,0,0,0,0,0,0,0,0,0,0,0,0,0,0,0,0,0,0,0,0,0,0,0,0,0,0,0,0,0,0,0,0,0,0
npc_senarioSP_3_1634446832.1953015_p1,npc_senarioSP_3,T,P,R,R,OS,F,N,169.131,68.4715,False,100,36.0,57.0,23.0,22.0,61.0,30.0,36.0,40.0,43.0,40.0,54.0,3,5,0,18.0,17.0,23.0,58.0,49.0,50.0,50.0,井上拓也,24,17,5,3,2,0,0,7,5,1,6,0,1,0,0,2,0,10,0,0,2,2,2,5,5,0,328,249,65,50,9,0,6,92,34,37,206,10,2,67,0,51,4,0,40,50,86,65,16,0,0,0,0,0,0
npc_senarioSP_3_1634446832.2563026_p2,npc_senarioSP_3,T,P,R,R,O,C,N,166.342,48.5915,False,100,36.0,46.0,26.0,20.0,48.0,38.0,37.0,33.0,38.0,42.0,48.0,5,1,0,14.0,16.0,19.0,53.0,55.0,62.0,57.0,伊藤悠希,14,10,4,4,0,0,0,4,2,1,3,0,2,0,2,1,0,7,0,0,0,0,1,5,4,0,133,94,21,20,0,0,1,24,10,11,89,16,0,23,0,13,2,0,10,21,24,21,9,1,0,0,0,0,0
npc_senarioSP_3_1634446832.3213005_b1,npc_senarioSP_3,B,B,R,R,O,F,N,179.542,49.9584,False,100,43.0,38.0,22.0,29.0,55.0,38.0,41.0,35.0,41.0,37.0,41.0,1,2,0,14.0,23.0,27.0,57.0,55.0,51.0,55.0,真岡孝一,46,39,4,4,0,0,1,4,4,2,0,0,7,0,6,1,0,137,6,1,1,3,5,18,14,0,0,0,0,0,0,0,0,0,0,0,0,0,0,0,0,0,0,0,0,0,0,0,0,0,0,0,0,0,0
npc_senarioSP_3_1634446832.3802943_b2,npc_senarioSP_3,T,B,R,R,O,C,N,158.561,63.4754,False,100,48.0,40.0,16.0,23.0,51.0,42.0,43.0,42.0,37.0,37.0,54.0,1,5,0,13.0,18.0,14.0,56.0,51.0,49.0,54.0,那珂政一,42,35,8,8,0,0,0,8,3,6,0,0,7,0,6,2,0,84,6,0,0,5,4,14,13,0,0,0,0,0,0,0,0,0,0,1,0,0,0,0,0,0,0,0,0,0,0,0,1,0,0,0,0,0,0
npc_senarioSP_3_1634446832.4002943_b3,npc_senarioSP_3,B,B,L,R,O,F,U,170.618,64.2148,False,100,46.0,43.0,27.0,14.0,49.0,25.0,40.0,37.0,41.0,35.0,52.0,2,1,0,7.0,12.0,11.0,60.0,57.0,54.0,55.0,藤井進,0,0,0,0,0,0,0,0,0,0,0,0,0,0,0,0,0,0,0,0,0,0,0,0,0,0,0,0,0,0,0,0,0,0,0,0,0,0,0,0,0,0,0,0,0,0,0,0,0,0,0,0,0,0,0
npc_senarioSP_3_1634446832.420293_b4,npc_senarioSP_3,T,B,R,L,O,F,N,170.484,56.5161,False,100,34.0,43.0,27.0,28.0,57.0,43.0,29.0,39.0,45.0,56.0,46.0,3,5,0,18.0,18.0,14.0,56.0,54.0,63.0,53.0,中川紬,47,44,9,8,1,0,1,13,3,1,0,1,2,0,7,3,1,128,6,1,1,0,5,13,11,0,0,0,0,0,0,0,0,0,0,0,0,0,0,0,0,0,0,0,0,0,0,0,0,0,0,0,0,0,0
npc_senarioSP_3_1634446832.4402945_b5,npc_senarioSP_3,T,B,R,R,O,R,N,163.878,59.1895,False,100,42.0,49.0,19.0,26.0,60.0,38.0,43.0,42.0,32.0,47.0,47.0,2,4,0,22.0,30.0,24.0,59.0,57.0,56.0,51.0,桜川勝美,44,37,6,6,0,0,0,6,3,1,0,0,7,0,8,1,0,22,0,0,0,0,0,15,13,0,0,0,0,0,0,0,0,0,0,0,0,0,0,0,0,0,0,0,0,0,0,0,0,0,0,0,0,0,0
npc_senarioSP_3_1634446832.4642935_b6,npc_senarioSP_3,B,B,R,R,O,C,N,170.035,69.0417,False,100,33.0,52.0,23.0,20.0,53.0,52.0,31.0,39.0,25.0,40.0,40.0,4,5,0,12.0,12.0,22.0,59.0,51.0,56.0,51.0,上田一雄,40,34,4,4,0,0,0,4,0,3,0,0,6,0,4,1,1,9,0,0,0,1,2,13,13,0,0,0,0,0,0,0,0,0,0,0,0,0,0,0,0,0,0,0,0,0,0,0,0,0,0,0,0,0,0
npc_senarioSP_3_1634446832.4862938_b7,npc_senarioSP_3,H,B,R,R,O,C,N,166.979,53.9786,False,100,42.0,51.0,19.0,21.0,50.0,45.0,41.0,46.0,37.0,48.0,56.0,4,3,0,16.0,15.0,19.0,60.0,63.0,59.0,44.0,長井薫,43,37,7,6,1,0,0,8,3,4,0,0,6,0,8,2,1,60,3,0,0,2,3,13,10,0,0,0,0,0,0,0,0,0,0,0,0,0,0,0,0,0,0,0,0,0,0,0,0,0,0,0,0,0,0
npc_senarioSP_3_1634446832.5062919_b8,npc_senarioSP_3,B,B,R,L,O,F,N,176.533,59.1044,False,100,32.0,42.0,30.0,22.0,55.0,34.0,46.0,50.0,34.0,44.0,54.0,5,4,0,16.0,18.0,21.0,57.0,63.0,49.0,58.0,佐伯恒夫,52,44,16,15,1,0,0,17,6,5,0,0,8,0,3,1,1,36,7,0,1,7,7,16,15,0,0,0,0,0,0,0,0,0,0,0,0,0,0,0,0,0,0,0,0,0,0,0,0,0,0,0,0,0,0
npc_senarioSP_3_1634446832.5262933_b9,npc_senarioSP_3,H,B,R,R,O,F,D,177.0,56.0,False,100,44.0,47.0,50.0,23.0,60.0,43.0,42.0,50.0,40.0,38.0,50.0,3,2,0,24.0,23.0,11.0,48.0,56.0,55.0,57.0,伊藤裕太,45,38,13,10,3,0,0,16,1,3,0,0,8,0,4,2,0,30,2,2,4,4,5,11,9,0,0,0,0,0,0,0,0,0,0,0,0,0,0,0,0,0,0,0,0,0,0,0,0,0,0,0,0,0,0
original_rei2002,rei2002,B,B,R,R,O,F,U,170.0,60.0,False,100,36.38,38.64,66.09,50.9,37.019999999999996,15.02,27.86,31.09,64.32,24.51,26.47,5,5,4,8.47,5.51,12.47,26.0,11.0,57.0,24.0,小浜朱莉,306,265,94,82,8,0,4,114,61,61,0,1,40,0,19,11,1,558,22,81,33,59,71,113,107,0,87,76,22,19,2,0,1,27,6,10,50,0,0,11,0,10,6,0,9,21,26,22,8,0,0,0,0,0,0
rei2002_1633430160.813381_1,rei2002,T,P,L,R,OS,F,N,174.96,54.0319,False,100,36.963,33.346000000000004,28.07517,10.635,27.765,8.713000000000001,20.778,23.862000000000002,13.85117,40.016,57.792,1,3,0,29.884,34.738,38.995999999999995,41.0,56.0,58.0,12.0,山田優斗,31,22,2,2,0,0,0,2,3,6,0,1,8,0,2,0,0,26,1,0,0,3,3,9,8,0,486,409,82,68,13,0,1,98,30,33,320,1,0,76,0,46,17,0,37,73,137,115,72,0,0,0,0,0,0
rei2002_1633430160.8629062_4,rei2002,T,B,R,R,O,F,N,176.429,49.3532,False,100,40.687,24.698,73.47659999999999,45.018,30.022,14.58,29.45,29.57,47.385999999999996,33.63,16.426,3,5,0,4.7330000000000005,14.657,9.555,31.0,22.0,53.0,29.0,太宰府大翔,8,6,1,0,0,0,1,4,2,1,0,0,2,0,0,0,0,10,1,0,0,1,0,2,2,0,0,0,0,0,0,0,0,0,0,0,0,0,0,0,0,0,0,0,0,0,0,0,0,0,0,0,0,0,0
rei2002_1633430160.872137_5,rei2002,T,B,R,R,O,F,N,168.831,58.0256,False,100,26.688,25.832,68.52879999999999,40.598,29.634,33.288,30.642,30.312,32.4403,21.846,17.807,1,4,0,2.7880000000000003,21.497,15.57,22.0,16.0,70.0,59.0,鹿沼真一,245,222,52,45,4,0,3,65,36,25,0,1,22,0,15,11,7,136,10,0,0,39,64,88,80,0,0,0,0,0,0,0,0,0,0,5,0,0,0,0,0,0,0,0,0,0,0,0,4,0,0,0,0,0,0
rei2002_1633430160.8818421_6,rei2002,B,B,R,R,O,R,N,171.839,61.3338,False,100,29.482,31.584,62.742,29.131999999999998,43.775999999999996,17.162,46.59,36.176,43.8838,15.754,21.706,3,2,0,16.739,12.596,10.494,41.0,70.0,45.0,18.0,吉田辰雄,13,10,1,1,0,0,0,1,0,0,0,0,3,0,3,0,1,21,1,0,1,0,0,3,2,0,0,0,0,0,0,0,0,0,0,0,0,0,0,0,0,0,0,0,0,0,0,0,0,0,0,0,0,0,0
rei2002_1633430160.8910856_7,rei2002,B,B,R,R,O,C,N,158.79,63.8054,False,100,34.692,23.519,55.1538,26.678,50.772,29.18,37.29,37.454,37.972,30.602,23.624,5,1,0,20.618,6.513,3.5469999999999997,31.0,68.0,66.0,50.0,三豊智,109,88,15,14,1,0,0,16,7,9,0,0,21,0,10,3,3,338,13,0,0,10,9,31,29,0,0,0,0,0,0,0,0,0,0,1,0,0,0,0,0,0,0,0,0,0,0,0,1,0,0,0,0,0,0
rei2002_1633430160.9004385_8,rei2002,T,B,R,R,O,F,N,174.0,69.0,False,100,32.694,39.791,77.5882,43.38,23.536,16.336,16.012,21.79,50.5694,22.69,19.805,3,2,0,14.568999999999999,18.859,14.693,31.0,55.0,33.0,13.0,黒石大輝,197,158,26,23,1,0,2,33,17,13,0,0,39,0,14,7,6,536,30,0,0,19,29,49,43,0,0,0,0,0,0,0,0,0,0,2,0,0,0,0,0,0,0,0,0,0,0,0,2,0,0,0,0,0,0
rei2002_1633430160.9095483_9,rei2002,T,B,R,R,O,R,U,170.0,68.0,False,100,27.69,25.59,73.89,42.83,33.41,46.7,31.23,16.04,36.32,24.68,16.56,2,5,0,7.66,9.64,19.7,51.0,69.0,23.0,59.0,山口詩織,585,467,151,128,15,0,8,190,106,101,0,3,115,0,35,21,6,70,1,3,2,81,145,177,162,0,0,0,0,0,0,0,0,0,0,7,1,0,0,0,0,0,0,0,0,0,0,0,6,0,0,0,0,0,0
rei2002_1633430545.2596617_1,rei2002,T,B,R,L,O,F,N,170.0,59.0,False,100,37.43,23.46,65.53,74.5,38.76,31.83,12.95,32.96,27.02,18.37,19.43,3,1,0,12.56,12.43,22.3,38.0,57.0,43.0,38.0,橋口貢,676,578,205,159,15,1,30,312,152,114,0,3,95,0,56,23,11,599,33,6,2,81,162,242,224,0,0,0,0,0,0,0,0,0,0,7,0,0,0,0,0,0,0,0,0,0,0,0,7,0,0,0,0,0,0
rei2002_1633430545.274518_2,rei2002,H,B,L,L,O,R,D,164.57,40.0,False,100,26.272,19.462,70.9728,25.29,42.922,31.154,17.701999999999998,37.116,50.100300000000004,29.484,15.49,3,4,0,16.584,7.416,16.298000000000002,52.0,66.0,26.0,1.0,伊豆健,15,11,5,5,0,0,0,5,4,4,0,0,4,0,0,0,0,3,0,0,1,3,2,5,5,0,0,0,0,0,0,0,0,0,0,0,0,0,0,0,0,0,0,0,0,0,0,0,0,0,0,0,0,0,0
rei2002_1633430545.288375_3,rei2002,H,P,R,L,OS,F,N,176.417,44.3019,False,100,47.846000000000004,45.862,11.08549,23.492,31.311,11.446,18.482,24.22,12.66781,33.042,70.26,2,1,0,40.72,49.58,31.42,38.0,49.0,17.0,14.0,金城秀明,36,32,5,4,1,0,0,6,3,2,0,0,4,0,6,2,0,51,2,0,0,4,3,8,5,0,204,175,37,32,4,1,0,43,20,24,133,0,0,29,0,19,6,0,25,35,35,35,24,0,0,0,0,0,0
rei2002_1633430545.2966692_4,rei2002,B,B,R,R,O,F,N,164.086,52.7354,False,100,29.538,24.367,73.3226,25.33,30.759999999999998,39.366,32.684,27.73,49.9106,28.449,25.479,5,5,3,22.351,14.516,3.503,34.0,20.0,13.0,44.0,木村克巳,0,0,0,0,0,0,0,0,0,0,0,0,0,0,0,0,0,0,0,0,0,0,0,0,0,0,0,0,0,0,0,0,0,0,0,0,0,0,0,0,0,0,0,0,0,0,0,0,0,0,0,0,0,0,0
rei2002_1633430545.3126163_6,rei2002,B,B,R,L,O,F,N,162.508,63.4539,False,100,39.423,22.457,81.5908,35.51,20.286,29.242,30.87,21.024,52.0145,24.415,25.393,5,5,2,3.3680000000000003,7.5009999999999994,8.447,27.0,0.0,16.0,0.0,美馬正勝,0,0,0,0,0,0,0,0,0,0,0,0,0,0,0,0,0,0,0,0,0,0,0,0,0,0,0,0,0,0,0,0,0,0,0,0,0,0,0,0,0,0,0,0,0,0,0,0,0,0,0,0,0,0,0
rei2002_1633430545.3207405_7,rei2002,T,P,R,R,OS,F,N,166.661,71.0683,False,100,28.658,31.454,14.10341,23.411,20.451,14.393,29.442,25.473,25.37062,41.86,52.736000000000004,2,5,0,51.120000000000005,46.34,33.22,68.0,32.0,17.0,23.0,山下聡,26,18,5,4,1,0,0,6,6,3,0,0,8,0,2,1,0,44,1,0,0,3,4,9,9,0,361,304,50,40,5,0,5,70,21,23,252,1,1,55,0,39,12,0,34,41,83,73,69,0,1,0,0,0,0
rei2002_1633430545.3290038_8,rei2002,B,P,R,L,S,C,N,170.775,66.147,False,100,32.754,39.784,20.24023,21.51,9.403,20.608,13.568999999999999,20.489,18.53215,43.794,49.04,5,2,0,43.14,40.78,44.06,54.0,64.0,49.0,46.0,後藤武男,21,21,2,1,1,0,0,3,3,2,0,0,0,0,4,1,0,39,7,0,0,2,1,11,8,0,368,306,67,54,7,1,5,91,21,31,224,0,1,61,0,33,19,0,29,48,101,88,48,2,0,0,0,0,0
rei2002_1633430545.3369844_9,rei2002,H,B,R,L,O,F,N,175.454,73.5724,False,100,20.31,24.615,59.0242,49.44,39.728,33.706,28.956,29.308,41.4251,16.491,26.683,2,3,0,17.493,6.6,22.421,27.0,7.0,13.0,20.0,秋山孝夫,0,0,0,0,0,0,0,0,0,0,0,0,0,0,0,0,0,0,0,0,0,0,0,0,0,0,0,0,0,0,0,0,0,0,0,0,0,0,0,0,0,0,0,0,0,0,0,0,0,0,0,0,0,0,0
rei2002_1633430545.3449805_10,rei2002,H,B,L,R,O,F,N,163.0,69.0,False,100,32.39,27.37,73.09,49.21,39.87,15.89,27.68,28.95,42.93,26.39,20.4,2,1,0,12.47,6.38,3.4699999999999998,65.0,8.0,39.0,21.0,小林忠夫,447,365,99,84,8,0,7,128,71,58,0,2,80,0,26,15,6,611,41,7,7,63,94,139,129,0,0,0,0,0,0,0,0,0,0,8,0,0,0,0,0,0,0,0,0,0,0,0,8,0,0,0,0,0,0
rei2002_1633430633.5466516_1,rei2002,H,B,L,R,O,R,D,167.0,64.0,False,100,29.38,23.46,68.58,74.53999999999999,38.12,25.69,29.82,21.009999999999998,36.86,24.59,19.42,1,1,2,13.55,16.42,14.54,46.0,34.0,42.0,39.0,山口茂夫,576,438,155,107,20,0,28,259,118,91,0,3,135,0,32,20,13,1159,65,5,5,67,135,157,144,0,0,0,0,0,0,0,0,0,0,2,0,0,0,0,0,0,0,0,0,0,0,0,3,0,0,0,0,0,0
rei2002_1633430633.5641932_2,rei2002,B,B,R,R,O,R,N,171.236,64.8447,False,100,24.494,38.31,63.0296,41.74,21.131999999999998,14.808,50.81,21.966,50.4952,23.474,22.349,3,2,0,13.378,13.312,8.552,59.0,48.0,49.0,6.0,緒方秀樹,0,0,0,0,0,0,0,0,0,0,0,0,0,0,0,0,0,3,0,0,0,0,0,0,0,0,0,0,0,0,0,0,0,0,0,0,0,0,0,0,0,0,0,0,0,0,0,0,0,0,0,0,0,0,0
rei2002_1633430633.5799482_3,rei2002,T,P,R,R,O,C,N,168.075,57.7859,False,100,33.808,44.078,26.01737,23.449,21.405,18.604,17.576,26.411,11.63587,23.878,59.172,2,1,0,62.739999999999995,34.42,38.84,23.0,0.0,11.0,45.0,鹿児島一彦,27,21,3,1,2,0,0,5,4,2,0,0,6,0,0,0,1,60,3,0,0,2,4,11,11,0,612,513,107,96,7,0,4,126,43,53,395,0,0,99,0,52,24,0,61,97,177,158,58,1,2,0,0,0,0
rei2002_1633430633.5901153_4,rei2002,H,P,R,L,O,C,N,164.546,58.8841,False,100,23.876,38.42,10.22527,23.4247,18.439,22.443,17.294,10.335,24.72266,43.908,52.436,3,2,0,53.019999999999996,59.2,40.480000000000004,49.0,8.0,40.0,36.0,古川直樹,39,30,8,8,0,0,0,8,7,4,0,0,9,0,3,1,1,28,2,0,0,5,8,11,10,0,519,385,79,74,4,0,1,86,53,62,296,0,5,129,0,38,20,0,58,87,143,127,28,2,1,0,0,0,0
rei2002_1633430633.5998032_5,rei2002,B,B,R,R,O,F,N,159.0,57.0,False,100,28.49,19.532,81.136,39.1,31.022,31.912,18.634,14.001999999999999,44.7746,28.341,24.302,3,2,0,20.403,15.451,6.474,50.0,2.0,33.0,37.0,田中義男,81,67,16,14,1,0,1,20,11,15,0,0,14,0,5,1,2,53,6,2,1,10,16,24,22,0,0,0,0,0,0,0,0,0,0,1,0,0,0,0,0,0,0,0,0,0,0,0,1,0,0,0,0,0,0
rei2002_1633430633.6190867_7,rei2002,T,B,L,L,O,F,N,179.313,61.383,False,100,31.348,29.313,71.035,46.66,34.885999999999996,15.83,44.994,19.828,46.1505,32.353,29.523,5,4,0,12.548,2.4290000000000003,6.443,29.0,39.0,23.0,49.0,阿波静雄,15,11,3,1,1,0,1,7,4,4,0,0,4,0,2,0,0,7,1,0,0,1,3,4,4,0,0,0,0,0,0,0,0,0,0,0,0,0,0,0,0,0,0,0,0,0,0,0,0,0,0,0,0,0,0
rei2002_1633430633.6286094_8,rei2002,H,B,R,R,O,C,D,168.812,50.7841,False,100,25.389,40.424,68.1466,44.67,24.79,18.668,46.098,23.086,58.562799999999996,25.423000000000002,27.536,1,5,0,2.37,8.429,8.28,33.0,59.0,27.0,51.0,岩槻隆司,43,33,5,5,0,0,0,5,1,3,0,0,10,0,3,0,0,47,4,0,0,3,6,9,8,0,0,0,0,0,0,0,0,0,0,0,0,0,0,0,0,0,0,0,0,0,0,0,0,0,0,0,0,0,0
rei2002_1633430633.6378388_9,rei2002,H,B,R,R,O,F,N,164.962,59.5039,False,100,22.526,31.535,72.452,30.560000000000002,34.868,41.826,23.992,39.808,58.7406,34.272,20.431,1,5,0,8.724,2.3689999999999998,8.421,27.0,68.0,43.0,9.0,木村行雄,30,27,4,4,0,0,0,4,2,1,0,0,3,0,0,2,0,80,2,0,1,2,4,10,10,0,0,0,0,0,0,0,0,0,0,0,1,0,0,0,0,0,0,0,0,0,0,0,1,0,0,0,0,0,0
rei2002_1633430633.6472077_10,rei2002,T,B,R,L,O,C,N,177.491,58.7001,False,100,28.358,18.529,75.2552,33.44,36.746,43.77,30.878,17.122,51.5103,23.43,22.457,2,3,0,11.302,9.372,13.433,61.0,36.0,62.0,37.0,日立昭三,11,9,3,2,1,0,0,4,2,2,0,0,2,0,1,1,0,0,0,0,0,1,3,4,3,0,0,0,0,0,0,0,0,0,0,0,0,0,0,0,0,0,0,0,0,0,0,0,0,0,0,0,0,0,0
rei2002_1633512477.9678283_1,rei2002,H,B,R,L,O,R,U,170.0,72.0,False,100,28.3,32.44,63.2,66.58,49.22,13.96,24.67,30.86,31.21,31.43,19.44,3,1,0,15.35,17.3,13.4,41.0,11.0,56.0,58.0,加世田大貴,375,296,103,81,10,2,10,147,85,53,0,1,78,0,25,11,9,520,22,60,56,53,67,132,121,0,0,0,0,0,0,0,0,0,0,4,0,0,0,0,0,0,0,0,0,0,0,0,5,0,0,0,0,0,0
rei2002_1633512477.9781518_2,rei2002,H,P,R,L,S,C,N,172.0,71.0,False,91,45.498,47.368,11.161290000000001,13.42434,26.37,12.217,15.367,22.298000000000002,14.86055,51.624,52.492000000000004,4,5,0,28.46,31.72,42.06,24.0,29.0,63.0,38.0,行田芳夫,0,0,0,0,0,0,0,0,0,0,0,0,0,0,0,0,0,4,0,0,0,0,0,0,0,0,60,45,9,8,1,0,0,10,5,5,37,0,0,15,0,3,1,0,4,8,21,19,6,0,0,0,0,0,0
rei2002_1633512477.9925535_3,rei2002,H,B,R,L,O,F,N,161.608,53.8183,False,100,19.37,37.539,81.8754,30.02,30.724,39.868,26.126,20.044,45.6927,17.477,21.576,2,4,0,2.524,19.618,18.34,24.0,47.0,36.0,9.0,南大阪芳夫,0,0,0,0,0,0,0,0,0,0,0,0,0,0,0,0,0,0,0,0,0,0,0,0,0,0,0,0,0,0,0,0,0,0,0,0,0,0,0,0,0,0,0,0,0,0,0,0,0,0,0,0,0,0,0
rei2002_1633512478.004188_4,rei2002,B,B,R,R,O,F,N,172.664,59.6313,False,100,35.413,24.503,87.8012,47.91,20.154,38.774,20.912,24.64,30.6507,25.525,17.526,3,3,5,4.349,7.394,13.388,28.0,57.0,33.0,29.0,西村杏,0,0,0,0,0,0,0,0,0,0,0,0,0,0,0,0,0,0,0,0,0,0,0,0,0,0,0,0,0,0,0,0,0,0,0,0,0,0,0,0,0,0,0,0,0,0,0,0,0,0,0,0,0,0,0
rei2002_1633512478.0133624_5,rei2002,B,P,R,R,OS,F,N,171.0,62.0,False,100,32.52,36.32,23.42,23.41,22.45,11.41,22.5,12.46,13.79,38.08,59.32,4,4,5,31.26,42.34,48.08,39.0,70.0,22.0,24.0,五十嵐要,10,7,0,0,0,0,0,0,2,1,0,0,3,0,0,0,0,29,3,0,0,1,0,6,6,0,234,200,42,36,3,0,3,54,13,14,158,2,1,31,0,29,7,0,14,37,56,50,29,0,1,0,0,0,0
rei2002_1633512478.0230384_6,rei2002,H,B,R,R,O,F,D,166.697,57.0256,False,100,34.47,28.493,80.37700000000001,49.16,27.502000000000002,17.696,39.876,33.914,38.7879,19.584,28.44,5,2,0,8.424,9.378,4.555,38.0,16.0,51.0,40.0,山田伸一,180,140,34,31,1,0,2,41,27,25,0,1,39,0,12,14,4,101,4,1,0,24,27,50,45,0,0,0,0,0,0,0,0,0,0,5,0,0,0,0,0,0,0,0,0,0,0,0,6,0,0,0,0,0,0
rei2002_1633512478.0321755_7,rei2002,T,P,R,R,O,F,N,175.0,63.0,False,100,24.77,36.97,12.379999999999999,21.47,25.51,13.47,24.48,12.33,16.78,32.87,55.42,4,5,0,41.480000000000004,46.760000000000005,54.7,45.0,43.0,4.0,55.0,五十嵐隆一,56,46,10,10,0,0,0,10,8,6,0,0,10,0,4,1,2,73,6,0,0,4,8,24,23,0,334,290,63,55,6,0,2,75,15,18,217,3,1,40,0,35,21,0,20,51,78,73,35,0,0,0,0,0,0
rei2002_1633512478.041259_8,rei2002,H,P,R,L,OS,F,N,174.0,60.0,False,97,34.156,49.212,20.16419,26.18757,14.366,17.414,20.533,15.449,26.90997,49.69,37.516,1,3,0,39.06,44.4,57.54,38.0,27.0,7.0,1.0,新湊薫,13,11,4,4,0,0,0,4,4,0,0,0,2,0,1,1,0,19,0,0,0,1,4,4,3,0,109,90,20,17,0,0,3,29,15,15,68,0,0,19,0,12,3,0,9,16,23,22,10,0,0,0,0,0,0
rei2002_1633512478.0506256_9,rei2002,T,B,R,R,O,R,N,178.247,67.1296,False,100,24.332,39.521,75.0656,49.9584,28.573999999999998,16.728,24.764,37.008,56.0727,32.48,27.398,3,2,0,14.468,10.374,9.649000000000001,38.0,14.0,18.0,24.0,伊勢原政夫,0,0,0,0,0,0,0,0,0,0,0,0,0,0,0,0,0,0,0,0,0,0,0,0,0,0,0,0,0,0,0,0,0,0,0,0,0,0,0,0,0,0,0,0,0,0,0,0,0,0,0,0,0,0,0
rei2002_1633512478.0598726_10,rei2002,T,P,L,R,O,R,N,170.064,57.2596,False,92,24.734,28.434,23.23123,11.51158,11.379,22.465,25.348,24.218,21.70098,56.66,43.58,3,2,0,48.32,44.16,42.28,41.0,17.0,54.0,28.0,長崎武夫,8,5,0,0,0,0,0,0,0,0,0,0,3,0,0,0,0,5,0,0,0,0,0,1,1,0,94,68,18,17,1,0,0,19,5,14,49,2,1,23,0,5,6,0,6,19,28,25,5,0,0,0,0,0,0
rei2002_1633685745.1614847_1,rei2002,B,B,R,R,O,F,N,174.0,65.0,False,100,15.55,35.35,77.65,79.26,29.53,16.07,34.67,30.04,36.480000000000004,23.39,23.32,1,3,0,27.55,4.49,15.5,37.0,43.0,19.0,42.0,伊藤英夫,242,195,62,46,8,1,7,93,51,42,0,1,46,0,22,6,2,157,6,3,0,31,52,75,67,0,0,0,0,0,0,0,0,0,0,5,0,0,0,0,0,0,0,0,0,0,0,0,4,0,0,0,0,0,0
rei2002_1633685745.1697078_2,rei2002,B,B,R,R,O,F,U,172.648,72.1916,False,100,28.55,23.387999999999998,57.8092,50.3322,37.896,40.854,27.762,38.938,43.7495,26.518,29.475,2,5,0,9.526,10.466,2.392,49.0,22.0,53.0,33.0,佐藤英樹,0,0,0,0,0,0,0,0,0,0,0,0,0,0,0,0,0,1,0,0,0,0,0,0,0,0,0,0,0,0,0,0,0,0,0,0,0,0,0,0,0,0,0,0,0,0,0,0,0,0,0,0,0,0,0
rei2002_1633685745.180623_3,rei2002,H,B,R,R,O,R,N,177.309,64.629,False,100,33.533,37.352,78.0676,32.411500000000004,34.58,23.782,26.932,17.918,58.1355,23.39,29.292,4,5,0,6.442,3.379,10.598,51.0,66.0,4.0,50.0,山田喜一,0,0,0,0,0,0,0,0,0,0,0,0,0,0,0,0,0,0,0,0,0,0,0,0,0,0,0,0,0,0,0,0,0,0,0,0,0,0,0,0,0,0,0,0,0,0,0,0,0,0,0,0,0,0,0
rei2002_1633685745.1907802_4,rei2002,B,P,R,R,S,C,N,178.0,57.0,False,100,41.83,53.0,19.490000000000002,12.48,18.42,16.25,31.46,23.4,27.07,28.990000000000002,43.620000000000005,2,5,0,30.66,62.14,49.0,68.0,61.0,67.0,26.0,原諒,18,12,4,3,1,0,0,5,2,5,0,1,5,0,2,0,1,25,0,0,0,2,7,4,4,0,289,249,50,35,7,0,8,81,21,23,199,0,1,39,0,32,7,0,22,49,69,60,21,0,0,0,0,0,0
rei2002_1633685745.1991398_5,rei2002,B,P,L,R,OS,C,N,162.196,65.0564,False,93,36.008,42.202,20.30873,17.46132,20.32,21.336,17.59,23.4,17.5416,41.626,47.464,2,5,0,40.54,30.2,40.019999999999996,61.0,60.0,32.0,31.0,井原孝,15,8,3,3,0,0,0,3,4,3,0,0,7,0,2,0,0,6,0,0,0,0,2,5,4,0,124,109,22,17,3,0,2,31,12,13,82,0,0,15,0,13,6,0,15,19,40,34,9,0,0,0,0,0,0
rei2002_1633685745.2075033_6,rei2002,B,B,R,L,O,R,N,172.476,71.3551,False,100,22.555,30.509,74.77539999999999,25.588900000000002,33.844,33.004,37.13,35.706,34.0548,27.506,19.175,5,3,0,13.397,18.37,9.504999999999999,53.0,8.0,27.0,28.0,大府葵,0,0,0,0,0,0,0,0,0,0,0,0,0,0,0,0,0,0,0,0,0,0,0,0,0,0,0,0,0,0,0,0,0,0,0,0,0,0,0,0,0,0,0,0,0,0,0,0,0,0,0,0,0,0,0
rei2002_1633685745.2157505_7,rei2002,H,P,L,L,O,R,N,171.0,67.0,False,89,24.102,41.322,14.54125,19.27562,21.205,17.237000000000002,10.286999999999999,22.244,26.91481,26.509999999999998,51.72,3,5,0,47.879999999999995,46.64,42.32,54.0,15.0,34.0,34.0,原信行,3,2,0,0,0,0,0,0,0,0,0,0,1,0,0,0,0,0,0,0,0,0,0,1,1,0,117,96,23,18,0,0,5,38,14,14,72,0,0,21,0,8,4,0,10,18,31,27,6,0,0,0,0,0,0
rei2002_1633685745.2242942_8,rei2002,H,B,R,R,O,R,N,181.715,58.4578,False,100,19.401,35.318,62.412,33.6455,43.238,32.84,18.678,39.078,39.8304,17.348,27.436,2,3,0,3.378,7.324,18.396,66.0,62.0,16.0,6.0,木村昭二,0,0,0,0,0,0,0,0,0,0,0,0,0,0,0,0,0,0,0,0,0,0,0,0,0,0,0,0,0,0,0,0,0,0,0,0,0,0,0,0,0,0,0,0,0,0,0,0,0,0,0,0,0,0,0
rei2002_1633685745.2324429_9,rei2002,B,B,L,R,O,R,N,173.752,40.0,False,100,37.418,26.339,76.7704,35.058099999999996,39.884,38.046,30.558,35.854,38.0505,33.415,18.636,3,4,0,18.582,5.554,10.404,43.0,67.0,25.0,11.0,小林俊雄,0,0,0,0,0,0,0,0,0,0,0,0,0,0,0,0,0,0,0,0,0,0,0,0,0,0,0,0,0,0,0,0,0,0,0,0,0,0,0,0,0,0,0,0,0,0,0,0,0,0,0,0,0,0,0
rei2002_1633685745.240794_10,rei2002,B,B,R,R,O,R,N,168.983,56.3904,False,100,28.422,19.522,84.9892,27.810000000000002,42.754,24.816,45.794,27.964,50.6924,31.545,28.357,3,3,5,6.543,2.383,18.303,69.0,4.0,0.0,66.0,立川優太,43,38,11,9,1,0,1,15,5,4,0,0,5,0,4,0,0,1,1,0,0,2,8,13,10,0,0,0,0,0,0,0,0,0,0,0,0,0,0,0,0,0,0,0,0,0,0,0,0,0,0,0,0,0,0
rei2002_1634450289.3666096_1,rei2002,T,B,R,L,O,R,U,171.334,56.9173,False,78,24.114,30.082,72.0452,32.5021,31.636,17.14,36.074,55.41,41.7602,15.088000000000001,26.088,3,1,0,5.1419999999999995,27.118,16.099,54.0,58.0,18.0,7.0,鶴ヶ島一彦,0,0,0,0,0,0,0,0,0,0,0,0,0,0,0,0,0,0,0,0,0,0,0,0,0,0,0,0,0,0,0,0,0,0,0,0,0,0,0,0,0,0,0,0,0,0,0,0,0,0,0,0,0,0,0
rei2002_1634450289.3845842_2,rei2002,T,B,R,R,O,R,N,175.238,55.0688,False,69,25.036,34.954,74.49680000000001,45.2816,16.982,34.004,13.978,26.868,53.7074,23.057,19.962,5,4,0,18.089,5.854,10.091,43.0,41.0,23.0,26.0,岡田秀夫,0,0,0,0,0,0,0,0,0,0,0,0,0,0,0,0,0,0,0,0,0,0,0,0,0,0,0,0,0,0,0,0,0,0,0,0,0,0,0,0,0,0,0,0,0,0,0,0,0,0,0,0,0,0,0
rei2002_1634450289.4030206_3,rei2002,T,B,R,R,O,F,N,168.563,50.3398,False,69,27.009,22.111,61.4182,27.8094,37.019999999999996,35.746,31.14,14.938,40.644,25.079,26.994,2,4,0,15.962,6.03,11.934,20.0,39.0,49.0,35.0,林文夫,0,0,0,0,0,0,0,0,0,0,0,0,0,0,0,0,0,0,0,0,0,0,0,0,0,0,0,0,0,0,0,0,0,0,0,0,0,0,0,0,0,0,0,0,0,0,0,0,0,0,0,0,0,0,0
rei2002_1634450289.4151115_4,rei2002,T,B,R,R,O,R,D,170.425,62.2198,False,68,35.981,25.956,67.0504,27.8622,54.442,18.764,25.912,20.024,45.3982,27.115,38.039,4,5,0,8.05,6.992,11.003,51.0,26.0,34.0,18.0,御坊寿葉,0,0,0,0,0,0,0,0,0,0,0,0,0,0,0,0,0,0,0,0,0,0,0,0,0,0,0,0,0,0,0,0,0,0,0,0,0,0,0,0,0,0,0,0,0,0,0,0,0,0,0,0,0,0,0
rei2002_1634450289.4275017_5,rei2002,T,B,R,R,O,R,N,165.842,57.6272,False,69,29.961,42.811,72.04740000000001,36.6439,32.264,28.806,18.08,18.8,34.5473,25.802,18.938,3,1,0,6.094,11.984,4.0009999999999994,59.0,32.0,63.0,65.0,佐藤幸夫,0,0,0,0,0,0,0,0,0,0,0,0,0,0,0,0,0,0,0,0,0,0,0,0,0,0,0,0,0,0,0,0,0,0,0,0,0,0,0,0,0,0,0,0,0,0,0,0,0,0,0,0,0,0,0
rei2002_1634450289.4405723_6,rei2002,B,B,R,R,O,F,N,178.946,69.1335,False,69,29.995,17.964,60.7724,35.4648,27.264,38.932,15.99,35.084,38.665099999999995,17.974,22.823,3,5,0,11.9,10.007,7.828,54.0,51.0,50.0,51.0,都留義夫,0,0,0,0,0,0,0,0,0,0,0,0,0,0,0,0,0,0,0,0,0,0,0,0,0,0,0,0,0,0,0,0,0,0,0,0,0,0,0,0,0,0,0,0,0,0,0,0,0,0,0,0,0,0,0
rei2002_1634450289.4531722_7,rei2002,T,P,R,R,O,R,N,173.593,84.3312,False,61,31.762,36.694,8.61869,23.8823,27.923000000000002,15.744,21.886,20.815,15.71753,33.8,35.424,1,1,2,37.92,25.0,44.68,63.0,9.0,66.0,35.0,山田恒雄,1,1,0,0,0,0,0,0,0,0,0,0,0,0,0,1,0,2,0,0,0,0,0,0,0,0,72,54,17,11,4,0,2,27,11,13,39,0,0,18,0,4,1,0,5,14,22,21,5,0,0,0,0,0,0
rei2002_1634450289.4650788_8,rei2002,T,P,R,R,O,F,N,165.0,66.0,False,55,27.512,33.824,21.44409,16.77999,26.816,9.759,24.717,26.794,17.45476,47.476,46.038,5,5,1,33.260000000000005,45.14,19.68,37.0,56.0,58.0,33.0,和田涼太,2,2,1,1,0,0,0,1,1,0,0,0,0,0,0,0,0,0,0,0,0,0,1,2,2,0,54,47,14,10,2,0,2,22,9,10,31,0,0,7,0,5,3,0,5,8,17,17,2,0,0,0,0,0,0
rei2002_1634450289.476298_9,rei2002,B,B,R,R,O,F,N,171.593,60.6617,False,70,17.076999999999998,26.012999999999998,45.9596,31.9949,42.85,37.852,22.92,27.212,53.9758,19.011,26.027,3,5,0,14.926,10.032,5.953,53.0,14.0,40.0,56.0,木村重信,0,0,0,0,0,0,0,0,0,0,0,0,0,0,0,0,0,0,0,0,0,0,0,0,0,0,0,0,0,0,0,0,0,0,0,0,0,0,0,0,0,0,0,0,0,0,0,0,0,0,0,0,0,0,0
rei2002_1634450289.4886885_10,rei2002,H,B,R,R,O,F,N,160.526,61.5467,False,69,34.013,34.0,59.03,38.3283,27.204,37.046,15.016,24.876,35.6095,19.978,29.068,5,4,0,7.013,7.883,3.06,41.0,15.0,56.0,69.0,長岡京悟,0,0,0,0,0,0,0,0,0,0,0,0,0,0,0,0,0,0,0,0,0,0,0,0,0,0,0,0,0,0,0,0,0,0,0,0,0,0,0,0,0,0,0,0,0,0,0,0,0,0,0,0,0,0,0
